episode,raw_total,after_scale,balance,duration,on_hit,episode_reward
3,0.40395972193127777,0.28772885405543785,1.0,-0.29604027806872224,-0.3,8.021847411912601
4,0.4036061837134752,0.2875494482687925,1.0,-0.29639381628652484,-0.3,8.159420003877978
5,-1.5951247529553956,-0.6146620701524372,1.0,-0.29512475295539553,-0.3,7.983144776705515
6,0.4046286811101208,0.2880680756072348,1.0,-0.29537131888987916,-0.3,8.598249785774083
7,1.10225320302392,0.5243199065832882,1.0,-0.29774679697608003,0.4,8.15018587253458
8,-1.5954166467994835,-0.6147054072288772,1.0,-0.2954166467994834,-0.3,7.981869246007237
9,-0.8952287267453247,-0.47235920082464167,1.0,-0.29522872674532485,0.4,7.837672368217808
10,-1.5951406373906005,-0.6146644287434478,1.0,-0.2951406373906004,-0.3,7.9833776277279656
11,0.4047629597446017,0.28813612783340414,1.0,-0.2952370402553983,-0.3,8.597756184183844
12,-1.5952308063550658,-0.6146778168819312,1.0,-0.29523080635506566,-0.3,7.9818231574371925
13,-1.5953317062381744,-0.6146927972265023,1.0,-0.2953317062381744,-0.3,7.981572936814504
14,-1.5950800259358202,-0.61465542873215,1.0,-0.2950800259358203,-0.3,7.983204952807561
15,-1.5945558873396481,-0.614577583439392,1.0,-0.29455588733964805,-0.3,7.984687581665529
16,0.4032631861313019,0.28737530501535513,1.0,-0.29673681386869805,-0.3,7.683986689495942
17,-1.5955794247408057,-0.6147295704118706,1.0,-0.29557942474080573,-0.3,7.980563111927471
18,-0.8958665675686497,-0.4725367190358507,1.0,-0.2958665675686498,0.4,7.7861915828907815
19,-1.595421658296994,-0.6147061511938844,1.0,-0.29542165829699407,-0.3,7.9817974766538615
20,0.4043983065814097,0.2879512917996869,1.0,-0.2956016934185903,-0.3,8.596961745326709
21,-1.5957284791130955,-0.614751693774351,1.0,-0.2957284791130954,-0.3,7.980612834016106
22,0.4045087007806088,0.2880072587345225,1.0,-0.29549129921939116,-0.3,8.597867316777617
23,0.40430077207532095,0.2879018370671635,1.0,-0.295699227924679,-0.3,8.596390434492097
24,0.4044948884851915,0.28800025674814433,1.0,-0.2955051115148085,-0.3,8.597366505844269
25,-1.595533600617498,-0.6147227684657629,1.0,-0.29553360061749806,-0.3,7.981237962019787
26,0.4043713343689895,0.2879376162649184,1.0,-0.29562866563101053,-0.3,8.596596998273638
27,-1.5956190499862661,-0.6147354520281815,1.0,-0.29561904998626604,-0.3,7.9804250519112845
28,-1.5952432667683631,-0.614679666910295,1.0,-0.29524326676836304,-0.3,7.982356471878996
29,-1.5954635590224089,-0.6147123713127169,1.0,-0.29546355902240895,-0.3,7.981487274993739
30,0.40447620464580275,0.2879907849686982,1.0,-0.29552379535419726,-0.3,8.597780007796306
31,-1.5955852438070632,-0.6147304341531644,1.0,-0.29558524380706314,-0.3,7.980738815409271
32,-1.5952742887907574,-0.6146842727494749,1.0,-0.29527428879075746,-0.3,7.981732257197255
33,0.4041673388922196,0.28783416883280927,1.0,-0.29583266110778034,-0.3,8.309541529939404
34,-1.5953398568852666,-0.6146940072811405,1.0,-0.29533985688526665,-0.3,7.981935590394696
35,-1.5954386602276742,-0.6147086751369115,1.0,-0.2954386602276742,-0.3,7.981252694820059
36,0.4043473790376267,0.28792546991807577,1.0,-0.2956526209623734,-0.3,8.596563067376435
37,-1.5957020666152095,-0.6147477736903766,1.0,-0.2957020666152094,-0.3,7.980072807602101
38,-1.5957001743440058,-0.6147474928406462,1.0,-0.29570017434400575,-0.3,7.98087682115254
39,0.40423497773238287,0.2878684722589366,1.0,-0.2957650222676171,-0.3,8.596412770031424
40,0.40452354239870597,0.28801478237085526,1.0,-0.295476457601294,-0.3,8.598228521284947
41,0.4045793436046506,0.2880430681590091,1.0,-0.29542065639534937,-0.3,8.597973059445941
42,0.4043074023099081,0.28790519913579715,1.0,-0.295692597690092,-0.3,8.59658777692699
43,-1.5951512009450068,-0.61466599725062,1.0,-0.2951512009450069,-0.3,7.982882719656528
44,0.4049221131652559,0.2882167697204054,1.0,-0.2950778868347442,-0.3,8.599374914070891
45,0.40419594139442633,0.287848675159282,1.0,-0.2958040586055737,-0.3,8.310303093469306
46,-1.5949840165188514,-0.6146411717242516,1.0,-0.2949840165188514,-0.3,7.983903297686316
47,0.4041940907025319,0.28784773656205154,1.0,-0.2958059092974681,-0.3,8.309111932801112
48,-1.5951922002673298,-0.6146720848278635,1.0,-0.29519220026732984,-0.3,7.9833299932947765
49,-1.5950596704306068,-0.6146524061105436,1.0,-0.2950596704306068,-0.3,7.982697315429142
50,0.4041425715268508,0.2878216070946344,1.0,-0.2958574284731493,-0.3,8.595785984715778
51,0.4039544568926889,0.28772618293241764,1.0,-0.2960455431073111,-0.3,8.30825767204185
52,0.40477231336776104,0.2881408677519928,1.0,-0.295227686632239,-0.3,8.598574463172431
53,-1.5954922870877262,-0.614716635847895,1.0,-0.29549228708772607,-0.3,7.981339789157383
54,-1.59548338919767,-0.6147153150114647,1.0,-0.29548338919767014,-0.3,7.981510069188145
55,-1.5952005714488535,-0.6146733277568145,1.0,-0.2952005714488535,-0.3,7.9825089622044265
56,-1.5950262949923344,-0.6146474500355866,1.0,-0.29502629499233446,-0.3,7.984168120891616
57,0.40412522291770453,0.28781280780495616,1.0,-0.2958747770822955,-0.3,8.595859283099417
58,0.40448898069367106,0.28799726181824203,1.0,-0.29551101930632895,-0.3,8.59732685936904
59,-1.59540359360833,-0.6147034694478006,1.0,-0.29540359360832996,-0.3,7.981461349487914
60,-1.5946994661419116,-0.6145989109532938,1.0,-0.2946994661419115,-0.3,7.985300787777529
61,0.40423684480908323,0.2878694191107358,1.0,-0.2957631551909168,-0.3,8.596500568122135
62,-1.595269131225082,-0.6146835070134111,1.0,-0.295269131225082,-0.3,7.982366753270601
63,0.40542188700136644,0.288469882781164,1.0,-0.2945781129986335,-0.3,8.602509608180801
64,0.40475777047111144,0.2881334981584537,1.0,-0.2952422295288885,-0.3,8.312485441132358
65,0.4040952480075775,0.2877976038883345,1.0,-0.29590475199242244,-0.3,8.59590422990072
66,0.40440217206428825,0.2879532516457659,1.0,-0.29559782793571177,-0.3,8.597233904945256
67,-1.5953622046645808,-0.6146973250197122,1.0,-0.2953622046645807,-0.3,7.982097589539258
68,0.40415539711512954,0.2878281121487525,1.0,-0.2958446028848705,-0.3,8.595923577333881
69,0.40416917885428444,0.28783510202386126,1.0,-0.2958308211457156,-0.3,8.595834649025
70,-1.5956650305670625,-0.6147422767484236,1.0,-0.29566503056706256,-0.3,7.9808889920375305
71,-1.595318433861242,-0.6146908267775728,1.0,-0.29531843386124207,-0.3,7.981666016763357
72,-1.595106693732067,-0.6146593886042184,1.0,-0.2951066937320671,-0.3,7.98262313666878
73,0.40438769238717726,0.2879459102207022,1.0,-0.2956123076128228,-0.3,8.596994784400298
74,0.4046246355603303,0.2880660251262916,1.0,-0.2953753644396697,-0.3,8.598382505691312
75,0.40421356001226233,0.28785761049674846,1.0,-0.2957864399877376,-0.3,8.3094796383147
76,-1.5951364061330615,-0.6146638004704842,1.0,-0.2951364061330616,-0.3,7.983339818442206
77,0.4044527047629161,0.28797887133635536,1.0,-0.29554729523708384,-0.3,8.596677260980538
78,0.40446052558574613,0.28798283626879534,1.0,-0.2955394744142538,-0.3,8.597963326987507
79,-1.5953985641776094,-0.6147027228101805,1.0,-0.29539856417760946,-0.3,7.98111358130752
80,-1.5952680990997692,-0.6146833537749438,1.0,-0.29526809909976925,-0.3,7.982448317345047
81,-1.5957715511510668,-0.6147580862589541,1.0,-0.29577155115106674,-0.3,7.979902769097782
82,0.40423311140320367,0.2878675257837119,1.0,-0.2957668885967964,-0.3,8.59625134896375
83,-0.8971774328746749,-0.47290117272544074,1.0,-0.29717743287467485,0.4,7.823791110236349
84,-1.5951890576640955,-0.6146716182211056,1.0,-0.2951890576640955,-0.3,7.983288204418093
85,-1.5955580285463773,-0.6147263944778601,1.0,-0.2955580285463773,-0.3,7.980906407990289
86,0.404379987585805,0.2879420037029673,1.0,-0.29562001241419494,-0.3,8.596856237130035
87,0.40444684731590513,0.2879759017501159,1.0,-0.29555315268409493,-0.3,8.597233826236998
88,0.4046246355603303,0.2880660251262916,1.0,-0.2953753644396697,-0.3,8.597345463987583
89,0.40422472216541655,0.2878632713018132,1.0,-0.2957752778345835,-0.3,8.596257517231678
90,-1.5952835595643708,-0.6146856491597187,1.0,-0.29528355956437086,-0.3,7.9814932922297865
91,0.4042658802836879,0.2878841435654754,1.0,-0.2957341197163121,-0.3,8.595938798208861
92,-1.594757517966195,-0.6146075334300166,1.0,-0.2947575179661951,-0.3,7.983685753749389
93,0.40425930813198835,0.2878808107526473,1.0,-0.29574069186801166,-0.3,8.310104350903396
94,0.40451265421878096,0.28800926285977774,1.0,-0.2954873457812191,-0.3,8.597093503313994
95,0.40456433594448843,0.2880354609548321,1.0,-0.2954356640555116,-0.3,8.597597076800795
96,-1.5951869615611158,-0.6146713069957559,1.0,-0.29518696156111585,-0.3,7.981465464501074
97,-1.595431666381877,-0.6147076369018664,1.0,-0.295431666381877,-0.3,7.981351645801628
98,-1.5950273747990922,-0.6146476103831389,1.0,-0.2950273747990921,-0.3,7.982704162098052
99,-1.595680259763133,-0.6147445371059476,1.0,-0.295680259763133,-0.3,7.932192788912452
100,0.4042969875328472,0.2878999179818368,1.0,-0.2957030124671528,-0.3,8.308882551072958
101,-1.59547447537303,-0.6147139918005641,1.0,-0.2954744753730302,-0.3,7.981694661390795
102,-1.5953682826213995,-0.6146982273398324,1.0,-0.29536828262139947,-0.3,7.981064609294102
103,0.40458636248713725,0.28804662589114544,1.0,-0.29541363751286276,-0.3,8.597525313835796
104,0.40467339447879286,0.2880907377255108,1.0,-0.29532660552120715,-0.3,8.596889841169139
105,-0.895247413676699,-0.4723644033049792,1.0,-0.295247413676699,0.4,8.124798726372074
106,-1.595603625004246,-0.6147331625034372,1.0,-0.2956036250042459,-0.3,7.980696494196563
107,-1.595115199726531,-0.6146606516329686,1.0,-0.295115199726531,-0.3,7.982254220406729
108,-1.595415643903022,-0.6147052583469111,1.0,-0.29541564390302194,-0.3,7.980742964131222
109,0.40423311140320367,0.2878675257837119,1.0,-0.2957668885967964,-0.3,8.59659974697337
110,0.4049135618130138,0.2882124372765544,1.0,-0.2950864381869862,-0.3,8.59836674351517
111,0.40432639702151557,0.2879148308249887,1.0,-0.29567360297848444,-0.3,8.596458722837538
112,-1.595011155382242,-0.6146452018420318,1.0,-0.2950111553822419,-0.3,7.982982355904407
113,-1.5955021549739186,-0.6147181006636271,1.0,-0.2955021549739185,-0.3,7.981322894329276
114,0.40440217206428825,0.2879532516457659,1.0,-0.29559782793571177,-0.3,8.597235385165712
115,-1.595538495935266,-0.6147234951182399,1.0,-0.295538495935266,-0.3,7.981380264651412
116,0.4042209984661996,0.28786138286474955,1.0,-0.29577900153380043,-0.3,8.596037139116033
117,-1.5953479946249047,-0.6146952154119409,1.0,-0.29534799462490474,-0.3,7.98167129009036
118,0.40451859027430653,0.2880122720164942,1.0,-0.29548140972569353,-0.3,8.597189844418354
119,-1.5957659555256305,-0.614757255802939,1.0,-0.2957659555256304,-0.3,7.9803749345141775
120,-1.5954903111546073,-0.614716342533697,1.0,-0.2954903111546072,-0.3,7.981313161345852
121,1.1039264840830239,0.5246982213659236,1.0,-0.29607351591697606,0.4,8.545379218074455
122,-1.5951564749149747,-0.6146667803401862,1.0,-0.29515647491497465,-0.3,7.982802221325518
123,-1.5954476380412084,-0.6147100078833789,1.0,-0.29544763804120844,-0.3,7.981436033869167
124,-1.595285617495648,-0.6146859546946659,1.0,-0.295285617495648,-0.3,7.982200889423872
125,-1.5956411373201245,-0.6147387303961239,1.0,-0.29564113732012454,-0.3,7.98102253991092
126,-1.5956487961377284,-0.6147398671623143,1.0,-0.29564879613772826,-0.3,7.980845274549538
127,0.4043954094917542,0.28794982293348814,1.0,-0.2956045905082458,-0.3,8.596569923120766
128,0.4043703738592322,0.2879371292545968,1.0,-0.29562962614076777,-0.3,8.596534608787366
129,-1.5954346649347524,-0.6147080820371413,1.0,-0.29543466493475246,-0.3,7.981159471697634
130,0.4042089170286807,0.2878552558147762,1.0,-0.29579108297131923,-0.3,8.30954969578617
131,0.4043159405375714,0.28790952866546504,1.0,-0.2956840594624286,-0.3,8.309921977349907
132,0.40451166556444457,0.2880087616800816,1.0,-0.2954883344355555,-0.3,8.597194497644178
133,-1.5949161343000542,-0.6146310908542185,1.0,-0.2949161343000542,-0.3,7.984228601900987
134,0.4044527047629161,0.28797887133635536,1.0,-0.29554729523708384,-0.3,8.597415264654138
135,-1.5955881507317786,-0.6147308656351863,1.0,-0.29558815073177863,-0.3,7.981008099225864
136,0.40436461482379477,0.28793420921854423,1.0,-0.2956353851762053,-0.3,8.597032905583871
137,-1.5946083941118296,-0.6145853831856142,1.0,-0.29460839411182954,-0.3,7.985282404510429
138,1.1037066197526926,0.5246485462323839,1.0,-0.2962933802473073,0.4,8.258023674624866
139,0.40353902492194965,0.2875153577894924,1.0,-0.29646097507805036,-0.3,7.971560636184273
140,-1.5956084505995123,-0.6147338787677978,1.0,-0.2956084505995123,-0.3,7.980597246834652
141,0.40468361107719925,0.28809591561110515,1.0,-0.2953163889228007,-0.3,8.311368777223835
142,0.4044978450260815,0.2880017555445733,1.0,-0.2955021549739185,-0.3,8.597977431660638
143,-1.594897376705373,-0.6146283051587743,1.0,-0.2948973767053728,-0.3,7.984322466008432
144,0.4043588626798755,0.2879312926528305,1.0,-0.29564113732012454,-0.3,8.596975266548215
145,0.404858305316336,0.2881844409391685,1.0,-0.29514169468366397,-0.3,8.599237276122743
146,-1.5975976973775337,-0.615028916521764,1.0,-0.2975976973775336,-0.3,7.5837872429369355
147,0.4036950609028212,0.28759455821065205,1.0,-0.2963049390971788,-0.3,8.209393760868101
148,-1.5963074117186429,-0.6148375976256051,1.0,-0.29630741171864294,-0.3,7.83040929773845
149,-1.5954386602276742,-0.6147086751369115,1.0,-0.2954386602276742,-0.3,7.981575597918956
150,-0.8975904563402795,-0.4730158993692377,1.0,-0.29759045634027964,0.4,7.725023797982616
151,1.1026037826941928,0.524399219562594,1.0,-0.29739621730580734,0.4,7.772390880096634
152,-0.8980048643181489,-0.4731309604102378,1.0,-0.2980048643181489,0.4,7.627892182724725
153,-0.8968597886598779,-0.47281290584661767,1.0,-0.29685978865987794,0.4,7.873915507576835
154,-0.8978053523491891,-0.4730755718640192,1.0,-0.29780535234918915,0.4,7.342256487400755
155,-0.898012355617694,-0.4731330399192489,1.0,-0.29801235561769396,0.4,7.341967396669609
156,-0.8981194449422314,-0.47316276503851173,1.0,-0.2981194449422316,0.4,7.579512431960064
157,-0.8971214835014667,-0.47288562767507825,1.0,-0.2971214835014667,0.4,7.776346122799293
158,-0.8980926197378056,-0.473155319397356,1.0,-0.2980926197378055,0.4,7.293312501471351
159,-0.8952276866322388,-0.4723589112519936,1.0,-0.295227686632239,0.4,8.07454664457023
160,-0.8979608046801577,-0.4731187295680119,1.0,-0.29796080468015773,0.4,7.342287674080272
161,1.1020310751906943,0.5242696400626328,1.0,-0.29796892480930587,0.4,8.150058743572295
162,1.1028785164985333,0.5244613551594589,1.0,-0.2971214835014667,0.4,8.059146376756713
163,1.1022626617598292,0.5243220468165057,1.0,-0.29773733824017096,0.4,7.723391956083321
164,-0.8981467991928702,-0.47317035730575746,1.0,-0.29814679919287024,0.4,7.53118469577556
165,1.1028045668604332,0.5244446318218541,1.0,-0.29719543313956687,0.4,7.870403880456557
166,0.40261157837252065,0.28704424274015994,1.0,-0.2973884216274794,-0.3,8.248967122060465
167,0.40234019686637407,0.2869062712210853,1.0,-0.2976598031336259,-0.3,7.438978269543686
168,-0.896913384266024,-0.4728278010506359,1.0,-0.296913384266024,0.4,7.58658402283751
169,-1.5974325131440104,-0.6150044342096996,1.0,-0.2974325131440104,-0.3,7.58567498448458
170,-0.8978429376368311,-0.4730860071881466,1.0,-0.29784293763683095,0.4,7.677392213154769
171,-0.897923650223794,-0.47310841514510615,1.0,-0.29792365022379397,0.4,7.391264349454179
172,-0.8974566475912602,-0.47297873642095745,1.0,-0.2974566475912603,0.4,7.488083081151199
173,1.101364891188525,0.5241188219174998,1.0,-0.2986351088114749,0.4,7.669713568775779
174,-0.8982354961075791,-0.4731949739373503,1.0,-0.29823549610757916,0.4,7.244943874132732
175,-0.8982932495192668,-0.47321100138071664,1.0,-0.29829324951926667,0.4,7.244859174422356
176,0.40198530866140875,0.28672576394200405,1.0,-0.2980146913385912,-0.3,7.81618124666356
177,1.1020856129627639,0.5242819826969084,1.0,-0.2979143870372362,0.4,8.10204239588848
178,-0.8972950523502141,-0.47293384929176846,1.0,-0.29729505235021403,0.4,7.775015203608776
179,1.1021885121661485,0.5243052684320996,1.0,-0.29781148783385153,0.4,8.198639095217715
180,-0.8955277198014588,-0.47244242880038606,1.0,-0.295527719801459,0.4,7.787642570198077
181,1.102231793472717,0.5243150621615893,1.0,-0.2977682065272828,0.4,7.960852312356259
182,0.40260557980263095,0.2870411936185824,1.0,-0.297394420197369,-0.3,7.773519821625827
183,0.40274741785866436,0.28711328406754105,1.0,-0.29725258214133565,-0.3,8.05980584000285
184,-0.8979507327320633,-0.4731159335413731,1.0,-0.29795073273206324,0.4,7.531500468460382
185,-0.8983138517276479,-0.4732167185684791,1.0,-0.298313851727648,0.4,7.244822197781743
186,-0.8984580710409473,-0.47325673647788913,1.0,-0.29845807104094735,0.4,7.196458882084451
187,-0.8977697657233228,-0.47306569107509394,1.0,-0.2977697657233227,0.4,7.677480006432276
188,-0.8978888406108927,-0.47309875130615137,1.0,-0.2978888406108927,0.4,7.628497792004582
189,-0.8977956055199094,-0.47307286564927753,1.0,-0.29779560551990947,0.4,7.628510308904798
190,0.40313169276158395,0.28730852195930184,1.0,-0.29686830723841606,-0.3,7.396651772155029
191,-1.5976065820259178,-0.6150302332464515,1.0,-0.29760658202591767,-0.3,7.487490072586831
192,1.1022453484859895,0.5243181293181658,1.0,-0.2977546515140105,0.4,7.675049899008904
193,0.40394919822287917,0.28772351502048554,1.0,-0.2960508017771208,-0.3,8.308244082301734
194,-0.8972838691147464,-0.47293074258487744,1.0,-0.29728386911474647,0.4,7.4887249857880995
195,0.40451166556444457,0.2880087616800816,1.0,-0.2954883344355555,-0.3,8.597589238593876
196,1.1020040653185132,0.5242635271266844,1.0,-0.2979959346814868,0.4,8.101867945719482
197,-0.8974531287541432,-0.47297775905716616,1.0,-0.2974531287541432,0.4,7.7259123291188025
198,-0.8951701629175215,-0.47234289586928224,1.0,-0.29517016291752135,0.4,8.12530862899906
199,-1.5943943784444512,-0.6145535897284896,1.0,-0.29439437844445115,-0.3,7.987173934972291
200,-1.5951785688697475,-0.6146700608600046,1.0,-0.2951785688697474,-0.3,7.982255261613491
201,0.40413799968593916,0.28781928825822817,1.0,-0.2958620003140608,-0.3,8.309302076913898
202,1.1024039718575471,0.5243540188347032,1.0,-0.2975960281424529,0.4,7.772291235837701
203,0.40235763312683553,0.28691513749577496,1.0,-0.2976423668731645,-0.3,8.151513181658874
204,0.40470821359438486,0.28810838413111606,1.0,-0.29529178640561515,-0.3,8.311714313319966
205,0.40395095040559276,0.2877244039678835,1.0,-0.29604904959440725,-0.3,8.210656392042104
206,-0.8978514881563031,-0.47308838112961865,1.0,-0.2978514881563031,0.4,7.390499543741436
207,0.40499534578914215,0.2882538700237963,1.0,-0.29500465421085786,-0.3,8.598855699087546
208,-0.8969287420805463,-0.4728320691144135,1.0,-0.2969287420805464,0.4,7.586907697471925
209,1.102623010516175,0.5244035687812105,1.0,-0.29737698948382496,0.4,7.773903656864821
210,0.40466625488899827,0.2880871192573615,1.0,-0.29533374511100174,-0.3,8.597433844991365
211,-1.59503816119434,-0.6146492121180367,1.0,-0.2950381611943401,-0.3,7.982429495875332
212,1.102095404702411,0.5242841986319989,1.0,-0.2979045952975891,0.4,8.101427689443724
213,-0.898101600346862,-0.47315781209116603,1.0,-0.298101600346862,0.4,7.341794735436277
214,-1.5950478508256867,-0.614650650976697,1.0,-0.29504785082568674,-0.3,7.983011018231788
215,-1.5951215704283654,-0.6146615975933125,1.0,-0.29512157042836534,-0.3,7.981953154479311
216,0.40502033808468224,0.2882665304594838,1.0,-0.2949796619153178,-0.3,8.599602239992699
217,0.40451265421878096,0.28800926285977774,1.0,-0.2954873457812191,-0.3,8.311098779354472
218,0.40454439514224944,0.2880253529481907,1.0,-0.2954556048577506,-0.3,8.597847151398085
219,-1.5949861925376836,-0.6146414948658814,1.0,-0.29498619253768354,-0.3,7.9829603218227865
220,-1.5943460587024152,-0.6145464107821611,1.0,-0.2943460587024152,-0.3,7.987239514616409
221,0.4041654996681226,0.28783323601359523,1.0,-0.29583450033187747,-0.3,8.310004020763646
222,0.40475051409837387,0.2881298209441548,1.0,-0.2952494859016261,-0.3,8.312515735728775
223,0.40385134063059874,0.2876738647050705,1.0,-0.29614865936940127,-0.3,8.02152613435904
224,1.1039221296289798,0.5246972376414203,1.0,-0.29607787037102007,0.4,8.496501937324618
225,-1.595431666381877,-0.6147076369018664,1.0,-0.295431666381877,-0.3,7.981951902801206
226,0.4040287500910998,0.28776387240281553,1.0,-0.2959712499089003,-0.3,8.02217034655161
227,1.1036199158473612,0.5246289538967457,1.0,-0.2963800841526389,0.4,7.922296433435085
228,-1.5953571341758608,-0.6146965722628599,1.0,-0.2953571341758607,-0.3,7.1220505042390885
229,-1.5949818396448274,-0.6146408484550825,1.0,-0.29498183964482744,-0.3,7.983469828125121
230,0.40493818329786474,0.2882249113248086,1.0,-0.2950618167021353,-0.3,8.599616112564103
231,0.40426212364134856,0.2878822385332654,1.0,-0.29573787635865145,-0.3,8.309488088778675
232,-1.5952763503892726,-0.6146845788310724,1.0,-0.2952763503892727,-0.3,7.98155202196277
233,-1.5949643938304634,-0.6146382577049985,1.0,-0.2949643938304633,-0.3,7.983216944821606
234,-1.5950500017481122,-0.6146509703757667,1.0,-0.2950500017481121,-0.3,7.982341472504716
235,0.4044801322181986,0.28799277607392954,1.0,-0.29551986778180145,-0.3,8.310921566415292
236,-1.5949436056058108,-0.6146351705525632,1.0,-0.2949436056058108,-0.3,7.983605809201285
237,-1.5955794247408057,-0.6147295704118706,1.0,-0.29557942474080573,-0.3,7.980223320186211
238,-1.5950543010544365,-0.6146516087953633,1.0,-0.2950543010544364,-0.3,7.9821563771075805
239,1.103769944337492,0.5246628545618306,1.0,-0.2962300556625081,0.4,7.971532439783019
240,0.40451958030546536,0.2880127738891952,1.0,-0.2954804196945346,-0.3,8.31043928742178
241,0.4044283448450204,0.2879665212749956,1.0,-0.29557165515497963,-0.3,8.597158615452523
242,-1.5952979479957083,-0.6146877853572543,1.0,-0.29529794799570824,-0.3,7.981674780759487
243,-1.5948630103153865,-0.6146232012924423,1.0,-0.2948630103153864,-0.3,7.9831027801480055
244,-1.595498210174226,-0.6147175150882213,1.0,-0.2954982101742262,-0.3,7.981269681161535
245,0.40436461482379477,0.28793420921854423,1.0,-0.2956353851762053,-0.3,8.309759190407181
246,0.40417194018164043,0.2878365025079177,1.0,-0.2958280598183596,-0.3,8.023352514429229
247,1.1036728614934965,0.5246409181273305,1.0,-0.2963271385065035,0.4,8.495427856980161
248,-1.5948217181947124,-0.6146170686841149,1.0,-0.29482171819471237,-0.3,7.983256580673132
249,-1.5952650014988394,-0.6146828938769368,1.0,-0.29526500149883933,-0.3,7.98199008969044
250,-1.5948161151990716,-0.6146162365253844,1.0,-0.29481611519907164,-0.3,7.98404720183218
251,0.4049306779974003,0.2882211089408282,1.0,-0.29506932200259967,-0.3,8.59921950403447
252,-0.8958620003140609,-0.47253544834257766,1.0,-0.2958620003140608,0.4,7.735458324108361
253,-1.5946880154748533,-0.6145972101324135,1.0,-0.29468801547485335,-0.3,7.984586104074702
254,0.4051559245884067,0.28833520714584293,1.0,-0.2948440754115933,-0.3,8.599886839552704
255,0.40457033364588396,0.2880385011377316,1.0,-0.295429666354116,-0.3,8.597308956832693
256,0.40447031914615345,0.28798780126022944,1.0,-0.2955296808538465,-0.3,8.596400972436252
257,-1.595680259763133,-0.6147445371059476,1.0,-0.295680259763133,-0.3,7.9805364829077305
258,0.40196208989229937,0.2867139509622394,1.0,-0.2980379101077007,-0.3,8.101695450607078
259,-1.5955070815621628,-0.6147188319755506,1.0,-0.2955070815621629,-0.3,7.981022550647572
260,0.40436557418426095,0.28793469565012697,1.0,-0.29563442581573907,-0.3,8.595662017247276
261,0.404379987585805,0.2879420037029673,1.0,-0.29562001241419494,-0.3,8.596728186856298
262,-0.8980984615691634,-0.473156940882141,1.0,-0.2980984615691634,0.4,7.579616070340258
263,1.1046185732486489,0.5248545210468141,1.0,-0.2953814267513513,0.4,8.548528031374806
264,1.1030050556193767,0.5244899686151824,1.0,-0.2969949443806232,0.4,8.108326731051283
265,1.1029188143782567,0.5244704678265684,1.0,-0.29708118562174324,0.4,7.584746239805852
266,-0.897118856687199,-0.47288489781487525,1.0,-0.29711885668719906,0.4,7.823545283181767
267,1.1034917544236644,0.5245999905172007,1.0,-0.29650824557633576,0.4,8.444461978818014
268,1.1025900425366204,0.5243961115721952,1.0,-0.2974099574633796,0.4,8.296680208323885
269,-1.5975054457811848,-0.6150152440973014,1.0,-0.29750544578118476,-0.3,7.5854618074699856
270,1.1029441780464135,0.5244762032014674,1.0,-0.29705582195358643,0.4,8.059896164554
271,1.1019547128033373,0.5242523571469726,1.0,-0.2980452871966627,0.4,8.101902526280242
272,1.1021384922759125,0.5242939493880183,1.0,-0.2978615077240875,0.4,7.912459409065094
273,0.4017851392064225,0.2866239111607937,1.0,-0.29821486079357745,-0.3,7.149919920341292
274,1.1022085102873027,0.5243097936734482,1.0,-0.2977914897126973,0.4,8.247123381414838
275,1.1032823768524243,0.5245526653931716,1.0,-0.29671762314757577,0.4,8.396018942249029
276,1.1028982711095527,0.5244658223660198,1.0,-0.29710172889044717,0.4,7.584562850545881
277,1.1025521578663557,0.5243875419410343,1.0,-0.2974478421336442,0.4,7.962010877761033
278,1.1026212023990372,0.5244031597992898,1.0,-0.297378797600963,0.4,7.962348757362263
279,0.40469692293196174,0.2881026620940094,1.0,-0.2953030770680383,-0.3,8.26170706418869
280,-0.8979391659510694,-0.4731127225045205,1.0,-0.29793916595106934,0.4,7.342494187466139
281,-0.8983785583351243,-0.4732346740804959,1.0,-0.2983785583351243,0.4,7.244930827338121
282,0.4033255585966237,0.28740697846333235,1.0,-0.2966744414033763,-0.3,8.111463603779887
283,-0.8979784398392758,-0.47312362511099876,1.0,-0.2979784398392758,0.4,7.342436862613021
284,-0.8953540894698939,-0.4723941001020621,1.0,-0.2953540894698938,0.4,7.925557059125489
285,-1.5979765401182249,-0.6150850538648461,1.0,-0.29797654011822483,-0.3,7.437861289695918
286,1.1027055678331263,0.5244222418498102,1.0,-0.2972944321668737,0.4,7.962485536922751
287,-1.59494141285767,-0.614634844915919,1.0,-0.2949414128576699,-0.3,7.9347097061357434
288,-0.8977336500100743,-0.47305566300376695,1.0,-0.29773365001007446,0.4,7.390433954888252
289,-0.8964980527529267,-0.47271235077282797,1.0,-0.2964980527529266,0.4,7.874637460334056
290,-1.5976093522919976,-0.6150306438042151,1.0,-0.29760935229199753,-0.3,7.5357924843666835
291,-1.5978058642422543,-0.6150597649483377,1.0,-0.29780586424225436,-0.3,7.486511609117606
292,-0.8975871075769029,-0.4730149693750102,1.0,-0.2975871075769029,0.4,7.48760214997188
293,1.1015891934182913,0.5241696126284923,1.0,-0.2984108065817086,0.4,7.766285599764197
294,-1.5978109771457545,-0.6150605225716954,1.0,-0.29781097714575444,-0.3,7.486636742750319
295,-1.5981603385316647,-0.6151122834223756,1.0,-0.29816033853166474,-0.3,7.389811385486286
296,1.1047010257837298,0.5248731350678992,1.0,-0.2952989742162703,0.4,8.261876278658935
297,0.4032047782635087,0.28734564228214926,1.0,-0.29679522173649137,-0.3,8.159366715620767
298,-0.8979512133836942,-0.4731160669735099,1.0,-0.29795121338369435,0.4,7.628127254729793
299,1.10228487405217,0.5243270727280207,1.0,-0.29771512594783,0.4,7.577761056591033
300,-0.8980355995210809,-0.4731394920873331,1.0,-0.29803559952108083,0.4,7.579941062563868
301,0.4031831225111257,0.2873346436704514,1.0,-0.2968168774888743,-0.3,8.395844404560021
302,-1.5949938018731986,-0.6146426248578516,1.0,-0.29499380187319857,-0.3,7.982944225832667
303,-0.8969412556046898,-0.4728355466752559,1.0,-0.2969412556046898,0.4,7.824935914836649
304,-1.594967669098076,-0.6146387440936532,1.0,-0.29496766909807604,-0.3,7.983578044765704
305,0.40224430311552956,0.28685750565847656,1.0,-0.29775569688447046,-0.3,7.15119604108977
306,-1.5946868691783858,-0.6145970398668367,1.0,-0.29468686917838577,-0.3,7.9844861840623995
307,0.40227427192927295,0.28687274663879925,1.0,-0.297725728070727,-0.3,8.150486313792713
308,0.4041987188236225,0.28785008375612453,1.0,-0.29580128117637744,-0.3,8.023913430805305
309,0.4033586622117487,0.287423787712287,1.0,-0.2966413377882513,-0.3,7.922104972714121
310,-1.5978991918512748,-0.6150735936418705,1.0,-0.2978991918512747,-0.3,5.487425506051791
311,-1.5948127507687393,-0.6146157368373729,1.0,-0.2948127507687392,-0.3,7.983517554909253
312,0.4054347444678155,0.2884763921368247,1.0,-0.2945652555321845,-0.3,8.602025141665411
313,1.1021972087615874,0.5243072363372112,1.0,-0.2978027912384126,0.4,8.198378482354684
314,-1.5953143431744177,-0.6146902194603271,1.0,-0.29531434317441757,-0.3,7.981399016788334
315,-1.5958884266766917,-0.6147754311304434,1.0,-0.2958884266766917,-0.3,7.882768932254912
316,-1.5950510768919544,-0.6146511300279754,1.0,-0.29505107689195437,-0.3,7.981982200288701
317,-1.5949959740472999,-0.6146429474261017,1.0,-0.2949959740472998,-0.3,7.983298729689512
318,0.4044108806795225,0.28795766697837655,1.0,-0.2955891193204775,-0.3,8.59685348433779
319,-1.595108821487837,-0.6146597045488534,1.0,-0.2951088214878371,-0.3,7.9337955020914945
320,0.40449981703364607,0.28800275523564267,1.0,-0.2955001829663539,-0.3,8.309091635572932
321,0.4054324046981886,0.2884752075894064,1.0,-0.2945675953018114,-0.3,8.599904590848569
322,0.4022167630782078,0.2868434992855483,1.0,-0.2977832369217922,-0.3,8.151358454332948
323,-0.8976110130397248,-0.47302160815449174,1.0,-0.29761101303972465,0.4,7.725861601848484
324,0.4046034489920332,0.28805528655250234,1.0,-0.29539655100796675,-0.3,8.597478793996952
325,-0.8966751902865697,-0.4727615961228926,1.0,-0.2966751902865699,0.4,7.6361643446652865
326,0.40387193805112437,0.2876843158584574,1.0,-0.29612806194887564,-0.3,8.308191323136816
327,1.101904232611823,0.5242409313970496,1.0,-0.29809576738817695,0.4,8.053171523030759
328,0.4048794908322115,0.2881951750839299,1.0,-0.29512050916778854,-0.3,8.599212743529872
329,-1.5948829904127613,-0.61462616861929,1.0,-0.2948829904127612,-0.3,7.98399822516231
330,0.4048266832952238,0.28816841828889833,1.0,-0.2951733167047762,-0.3,8.598588157293722
331,-1.595083233008393,-0.6146559049511744,1.0,-0.29508323300839306,-0.3,7.982251754244897
332,0.40449291843783713,0.28799925804377774,1.0,-0.2955070815621629,-0.3,8.024733737534644
333,-1.5942149484586159,-0.61452693016276,1.0,-0.29421494845861595,-0.3,7.985983095423818
334,-1.594691453022165,-0.6145977207288942,1.0,-0.2946914530221649,-0.3,7.984536988813367
335,0.40525722467397124,0.2883865085753205,1.0,-0.2947427753260287,-0.3,8.6005270953893
336,0.4045354475957164,0.28802081733729124,1.0,-0.2954645524042836,-0.3,8.597317805643957
337,-0.8965987712272101,-0.47274035227127054,1.0,-0.29659877122721007,0.4,7.539046993247612
338,0.40475777047111144,0.2881334981584537,1.0,-0.2952422295288885,-0.3,8.025492637610636
339,0.4041370858682452,0.2878188247683437,1.0,-0.29586291413175486,-0.3,7.736146548204243
340,0.40537536409375846,0.288446328611403,1.0,-0.29462463590624155,-0.3,8.601804507003106
341,0.4055505153482171,0.28853499815177,1.0,-0.29444948465178294,-0.3,8.602284253501033
342,-1.5944303730503955,-0.6145589373345748,1.0,-0.2944303730503955,-0.3,7.984681947488573
343,0.4041673388922196,0.28783416883280927,1.0,-0.29583266110778034,-0.3,7.1641511476345725
344,0.4053418610496499,0.2884293653267398,1.0,-0.2946581389503501,-0.3,8.600507668636977
345,0.4041325195304349,0.2878165087050213,1.0,-0.2958674804695651,-0.3,7.736449501770682
346,0.40452849944719277,0.2880172952036294,1.0,-0.2954715005528073,-0.3,8.02548543120081
347,0.40467747869057696,0.28809280765846146,1.0,-0.2953225213094231,-0.3,8.31220245463908
348,-1.5950165671704766,-0.6146460054818192,1.0,-0.29501656717047664,-0.3,7.983209076193659
349,-1.5943436328675002,-0.6145460503646888,1.0,-0.29434363286750026,-0.3,7.986809689548084
350,-1.595202662179016,-0.6146736381811632,1.0,-0.2952026621790161,-0.3,7.696330875224257
351,0.40409705901714404,0.28779852248961235,1.0,-0.2959029409828559,-0.3,8.308910821246428
352,-1.5946925984240319,-0.61459789086099,1.0,-0.2946925984240319,-0.3,7.983520904780718
353,0.4049564535591464,0.288234167353215,1.0,-0.2950435464408536,-0.3,8.599928426920178
354,0.4042988794258285,0.28790087733398534,1.0,-0.2957011205741715,-0.3,8.023162644581726
355,0.40475569619715407,0.2881324470104498,1.0,-0.29524430380284594,-0.3,7.739842754962942
356,0.4041922407523882,0.28784679833853494,1.0,-0.2958077592476119,-0.3,8.024034119162568
357,-1.5948674564296572,-0.6146238616072032,1.0,-0.29486745642965717,-0.3,7.984591447001984
358,0.40414165679156827,0.2878211431423684,1.0,-0.29585834320843174,-0.3,8.02368161382951
359,-1.5937653614264808,-0.6144601146766665,1.0,-0.29376536142648074,-0.3,7.989225755961573
360,0.40442251649466493,0.2879635663376245,1.0,-0.2955774835053351,-0.3,8.024410277653676
361,-1.594181433706384,-0.614521950158563,1.0,-0.294181433706384,-0.3,7.986185392707652
362,-1.5944542532824413,-0.6145624850641233,1.0,-0.29445425328244135,-0.3,7.985886351836379
363,0.40419594139442633,0.287848675159282,1.0,-0.2958040586055737,-0.3,8.023402735570478
364,0.40413434551555655,0.28781743485319444,1.0,-0.29586565448444346,-0.3,7.736260712376431
365,-0.8962975121826857,-0.47265658812736877,1.0,-0.2962975121826856,0.4,6.688726663912044
366,0.4046145357129472,0.2880609059819924,1.0,-0.2953854642870528,-0.3,8.02480202224784
367,0.4044556361117641,0.2879803574511614,1.0,-0.2955443638882359,-0.3,8.311030396842321
368,-1.5953622046645808,-0.6146973250197122,1.0,-0.2953622046645807,-0.3,7.694759562269434
369,0.4047411992186663,0.2881251005123137,1.0,-0.2952588007813337,-0.3,8.312227686607976
370,0.4038402253768291,0.28766822468591635,1.0,-0.2961597746231709,-0.3,7.448170392619302
371,0.4043178400076331,0.28791049183383977,1.0,-0.2956821599923669,-0.3,8.02415687412403
372,-1.5947880178380536,-0.6146120634420117,1.0,-0.2947880178380535,-0.3,7.983542256183716
373,0.4042913163903142,0.28789704221025314,1.0,-0.2957086836096858,-0.3,8.597114121929476
374,0.4039195190658094,0.28770845734418166,1.0,-0.29608048093419065,-0.3,8.307482753692522
375,0.40429509639611144,0.2878989590105863,1.0,-0.2957049036038885,-0.3,8.310548029626544
376,0.40418392514889817,0.2878425809539437,1.0,-0.2958160748511018,-0.3,8.596166447542391
377,0.4047837681841416,0.28814667235753666,1.0,-0.2952162318158584,-0.3,8.026358170239064
378,-1.5963646801091684,-0.6148460932083111,1.0,-0.2963646801091684,-0.3,7.733229772298988
379,1.1034203900812884,0.5245838612597293,1.0,-0.2965796099187115,0.4,7.586371053578945
380,0.404206133470328,0.28785384412997883,1.0,-0.29579386652967193,-0.3,8.309231201184378
381,-0.8971247639392024,-0.4728865391416886,1.0,-0.2971247639392024,0.4,7.5370303307462
382,0.40389263566390604,0.2876948175405904,1.0,-0.29610736433609397,-0.3,7.4493611081858395
383,-1.5946776907486129,-0.6145956765398938,1.0,-0.2946776907486128,-0.3,7.984708877289155
384,0.40448111459985553,0.28799327409617353,1.0,-0.2955188854001445,-0.3,8.597726135214604
385,-1.5946431437687905,-0.6145905449843586,1.0,-0.2946431437687904,-0.3,7.983966875263877
386,-1.594970942436546,-0.6146392301945969,1.0,-0.2949709424365459,-0.3,7.983098991643755
387,-1.5952349631098182,-0.6146784340475592,1.0,-0.29523496310981817,-0.3,7.982154864133412
388,0.4041079403715541,0.28780404180651475,1.0,-0.2958920596284459,-0.3,8.595585713916783
389,0.4055421726747053,0.28853077521179643,1.0,-0.29445782732529474,-0.3,8.60275058300099
390,-1.5956507089318408,-0.6147401510692789,1.0,-0.2956507089318407,-0.3,7.980539219975299
391,-1.5955443638882358,-0.6147243661433868,1.0,-0.2955443638882359,-0.3,7.980713895486829
392,0.4051103652036843,0.28831213208291984,1.0,-0.29488963479631564,-0.3,8.601045507918453
393,-1.5947733528145054,-0.614609885323773,1.0,-0.2947733528145054,-0.3,7.983443502673229
394,-1.5945123692586163,-0.61457111870091,1.0,-0.29451236925861624,-0.3,7.984628776134526
395,0.40333681032768404,0.28741269192069685,1.0,-0.2966631896723159,-0.3,7.397196314035193
396,0.4047827258083309,0.28814614414867146,1.0,-0.2952172741916691,-0.3,8.598640635330732
397,0.40467339447879286,0.2880907377255108,1.0,-0.29532660552120715,-0.3,8.597961661765419
398,0.40471746970666794,0.2881130750023211,1.0,-0.29528253029333207,-0.3,8.025067061861714
399,-1.5945839482045288,-0.6145817518481114,1.0,-0.2945839482045287,-0.3,7.984348436736229
400,0.40434451242295394,0.28792401639774795,1.0,-0.2956554875770461,-0.3,8.310812530417705
401,-1.5946362100846554,-0.6145895150490585,1.0,-0.29463621008465546,-0.3,7.984674544653128
402,0.40401894952687295,0.2877589007349363,1.0,-0.29598105047312706,-0.3,8.30916804223409
403,0.40438769238717726,0.2879459102207022,1.0,-0.2956123076128228,-0.3,8.30963470958407
404,1.102659413589532,0.5244118027213638,1.0,-0.2973405864104682,0.4,7.821582089525216
405,0.4041728609933583,0.28783696952199533,1.0,-0.2958271390066417,-0.3,8.022719980150308
406,0.40429509639611144,0.2878989590105863,1.0,-0.2957049036038885,-0.3,7.736922836014351
407,-1.5947756113994263,-0.6146102207810271,1.0,-0.29477561139942626,-0.3,7.984216786308042
408,-1.5949851046351482,-0.6146413333110061,1.0,-0.2949851046351481,-0.3,7.9831445558379315
409,-1.5948541076268337,-0.6146218791026498,1.0,-0.2948541076268337,-0.3,7.982517501798629
410,-1.5957228317358814,-0.6147508556099369,1.0,-0.29572283173588126,-0.3,7.979930082377643
411,0.4038419335133659,0.28766909142162406,1.0,-0.29615806648663406,-0.3,8.021577906153167
412,-1.5957086836096859,-0.6147487557774148,1.0,-0.2957086836096858,-0.3,7.980465922485658
413,-1.5953214997508778,-0.6146912819486954,1.0,-0.2953214997508778,-0.3,7.9826719359990035
414,-1.5955920239284282,-0.6147314405418384,1.0,-0.29559202392842815,-0.3,7.981270679263977
415,-1.595351042953223,-0.6146956679655518,1.0,-0.29535104295322295,-0.3,7.982141960764154
416,-1.5955129870036875,-0.6147197085866173,1.0,-0.2955129870036875,-0.3,7.9807072751806265
417,-1.5955794247408057,-0.6147295704118706,1.0,-0.29557942474080573,-0.3,7.980993150921814
418,-1.5951932473882215,-0.6146722403018,1.0,-0.2951932473882215,-0.3,7.982128512776722
419,0.4040198395905324,0.287759352252715,1.0,-0.2959801604094677,-0.3,8.595051038342547
420,0.4047525863233011,0.2881308710615522,1.0,-0.295247413676699,-0.3,8.597875477350799
421,-0.895117324130853,-0.4723281839774092,1.0,-0.295117324130853,0.4,8.12416567048021
422,0.4043954094917542,0.28794982293348814,1.0,-0.2956045905082458,-0.3,8.024077708402473
423,-1.5955687383659078,-0.6147279841914068,1.0,-0.2955687383659079,-0.3,7.980755968404243
424,0.404170099112136,0.2878355687588668,1.0,-0.295829900887864,-0.3,8.595962512642197
425,0.40401894952687295,0.2877589007349363,1.0,-0.29598105047312706,-0.3,8.595453908416523
426,0.40548409056933604,0.2885013735054673,1.0,-0.2945159094306639,-0.3,8.601120357698772
427,-1.5954386602276742,-0.6147086751369115,1.0,-0.2954386602276742,-0.3,7.981392457611092
428,0.404556350117032,0.28803141296774826,1.0,-0.295443649882968,-0.3,8.311788895084987
429,0.4040528982268559,0.28777612206571734,1.0,-0.29594710177314415,-0.3,8.309138315401363
430,0.40433211025012455,0.2879177277931139,1.0,-0.2956678897498755,-0.3,7.7372557260265635
431,-0.8977341772377283,-0.4730558093992052,1.0,-0.2977341772377283,0.4,7.439105553836432
432,-1.5973363093858794,-0.6149901742079591,1.0,-0.29733630938587935,-0.3,7.632481413452167
433,0.404024292598209,0.2877616111972993,1.0,-0.29597570740179097,-0.3,8.59563273836519
434,-1.595106693732067,-0.6146593886042184,1.0,-0.2951066937320671,-0.3,7.983374486640978
435,-1.5952432667683631,-0.614679666910295,1.0,-0.29524326676836304,-0.3,7.982099098235933
436,-1.5951300529869412,-0.614662857127711,1.0,-0.29513005298694117,-0.3,7.983157328420558
437,0.4044196049315532,0.2879620901840539,1.0,-0.29558039506844686,-0.3,8.596858153300344
438,0.40451067710665983,0.2880082605993183,1.0,-0.2954893228933401,-0.3,8.311671484347654
439,-0.8965386619864806,-0.4727236412082548,1.0,-0.2965386619864806,0.4,7.972555218724423
440,0.40463779533541927,0.2880726950956023,1.0,-0.2953622046645807,-0.3,8.598127849555631
441,0.40387538068388334,0.28768606262411955,1.0,-0.2961246193161166,-0.3,8.30825169618439
442,0.4046084854119572,0.2880578393297188,1.0,-0.29539151458804286,-0.3,8.597792683424215
443,0.4039325877076508,0.2877150877786762,1.0,-0.29606741229234923,-0.3,8.021991480421393
444,0.40447620464580275,0.2879907849686982,1.0,-0.29552379535419726,-0.3,8.310703786106524
445,-0.8977278430692799,-0.4730540505836414,1.0,-0.2977278430692801,0.4,7.487260997320774
446,0.40414440154829295,0.287822535276756,1.0,-0.29585559845170706,-0.3,8.30943353076356
447,-1.5952453406323726,-0.6146799748202866,1.0,-0.29524534063237257,-0.3,7.981755975408919
448,0.40361910675789453,0.28755600776209256,1.0,-0.2963808932421054,-0.3,7.971919371601164
449,-1.5953682826213995,-0.6146982273398324,1.0,-0.29536828262139947,-0.3,7.982217137434287
450,0.40419686701861185,0.28784914459808036,1.0,-0.2958031329813882,-0.3,8.595439679175728
451,-1.5952078853934126,-0.6146744137036991,1.0,-0.29520788539341264,-0.3,7.982112230658655
452,-1.5950639621289917,-0.6146530433956627,1.0,-0.2950639621289917,-0.3,7.983118383920475
453,0.40391864922944093,0.28770801602438784,1.0,-0.2960813507705591,-0.3,8.022353110012977
454,0.4046642168237273,0.28808608632372457,1.0,-0.29533578317627274,-0.3,8.598164581389797
455,0.40381129260872434,0.2876535434177307,1.0,-0.29618870739127573,-0.3,8.021474389228793
456,-1.5941514957579763,-0.6145175015278692,1.0,-0.2941514957579764,-0.3,7.987152293528455
457,-1.5951606903475701,-0.6146674062537261,1.0,-0.29516069034757003,-0.3,7.981671968014979
458,0.40408981934430305,0.28779485028458457,1.0,-0.2959101806556969,-0.3,8.02321823248182
459,-1.5955110193063289,-0.6147194164996233,1.0,-0.29551101930632895,-0.3,7.981327578535959
460,-0.8973974147472745,-0.4729622839012902,1.0,-0.2973974147472746,0.4,7.823276814060972
461,-1.5949523679949347,-0.6146364718159821,1.0,-0.29495236799493474,-0.3,7.98402873235804
462,0.40402340163798384,0.28776115922757106,1.0,-0.2959765983620162,-0.3,8.595512809460537
463,-1.595366257438968,-0.6146979266861661,1.0,-0.2953662574389679,-0.3,7.982298964687132
464,-1.5954516230320672,-0.6147105994479001,1.0,-0.29545162303206723,-0.3,7.981198559072363
465,0.4044644406706928,0.28798482108777596,1.0,-0.29553555932930714,-0.3,8.311487667224775
466,0.4042312458212823,0.2878665796849311,1.0,-0.2957687541787178,-0.3,8.309566447518439
467,0.4046693135011605,0.2880886694196485,1.0,-0.29533068649883953,-0.3,8.313068197585405
468,-1.594884098352796,-0.614626333162707,1.0,-0.29488409835279605,-0.3,7.983836937218132
469,-1.594957837503835,-0.6146372840639565,1.0,-0.29495783750383486,-0.3,7.984659415212068
470,0.40458636248713725,0.28804662589114544,1.0,-0.29541363751286276,-0.3,8.597668625198416
471,0.40461857324864875,0.28806295243044766,1.0,-0.2953814267513513,-0.3,8.024988007984518
472,-1.5937041634064997,-0.614451017926953,1.0,-0.2937041634064997,-0.3,7.9884315706938
473,0.40460747772831146,0.2880573285731669,1.0,-0.29539252227168855,-0.3,8.026033927440668
474,-1.5946627452086972,-0.6145934565690283,1.0,-0.2946627452086972,-0.3,7.984642330475592
475,0.4044556361117641,0.2879803574511614,1.0,-0.2955443638882359,-0.3,7.45275961658302
476,-1.5954166467994835,-0.6147054072288772,1.0,-0.2954166467994834,-0.3,7.98211650594927
477,-1.5945722721090205,-0.6145800173887076,1.0,-0.2945722721090205,-0.3,7.983523027217753
478,0.40581483379488176,0.2886687663548249,1.0,-0.2941851662051183,-0.3,8.602902628016254
479,0.40259959385556293,0.28703815088728873,1.0,-0.29740040614443713,-0.3,7.43821113145286
480,-1.5942973630026023,-0.6145391757085955,1.0,-0.29429736300260223,-0.3,7.987510426927943
481,-1.59531331999641,-0.6146900675555492,1.0,-0.29531331999641,-0.3,7.981957813352165
482,-1.595762221372164,-0.6147567016090623,1.0,-0.29576222137216407,-0.3,7.980153480429751
483,0.4045047504856201,0.2880052561913792,1.0,-0.29549524951437983,-0.3,8.598351886920003
484,-1.5940570412816657,-0.614503465387977,1.0,-0.29405704128166565,-0.3,7.986380817043075
485,0.40449883093181055,0.2880022553407517,1.0,-0.29550116906818946,-0.3,8.310860571436054
486,0.40696309136072634,0.2892493014632937,1.0,-0.2930369086392737,-0.3,8.608675433391666
487,0.4047983830828579,0.28815407816352967,1.0,-0.29520161691714214,-0.3,7.453312514703645
488,0.4041097564825293,0.2878049629787309,1.0,-0.29589024351747073,-0.3,7.163828172241235
489,-1.5950949760778843,-0.6146576486725133,1.0,-0.29509497607788426,-0.3,7.983774573107884
490,-1.5967500397061758,-0.614903250328572,1.0,-0.29675003970617586,-0.3,7.634320824683533
491,-1.5953439273673973,-0.614694611586852,1.0,-0.29534392736739734,-0.3,7.98231604857239
492,0.40429037186110345,0.2878965632480255,1.0,-0.29570962813889656,-0.3,8.597139987240373
493,0.40493603787100835,0.2882238243988918,1.0,-0.2950639621289917,-0.3,8.59951931565549
494,-1.595152256155123,-0.6146661539305747,1.0,-0.2951522561551229,-0.3,7.98222318606846
495,0.4042574320644882,0.28787985937177035,1.0,-0.2957425679355118,-0.3,7.737638017944731
496,-1.5940810990638548,-0.6145070405235682,1.0,-0.2940810990638548,-0.3,7.987160243754451
497,-1.5950703933444348,-0.6146539983791208,1.0,-0.29507039334443474,-0.3,7.983025014074206
498,-1.5950971084494467,-0.6146579653053934,1.0,-0.29509710844944664,-0.3,7.982918595531312
499,0.404206133470328,0.28785384412997883,1.0,-0.29579386652967193,-0.3,8.309286855660359
500,-1.594023977104994,-0.6144985517381265,1.0,-0.29402397710499406,-0.3,7.988625012588187
501,-1.594417199350554,-0.6145569801763864,1.0,-0.29441719935055405,-0.3,7.986286967264574
502,0.4042154185083407,0.28785855302580826,1.0,-0.29578458149165926,-0.3,8.022790143519943
503,-1.5946141998400316,-0.6145862455922526,1.0,-0.2946141998400316,-0.3,7.985408889168206
504,-1.5944554448614359,-0.6145626620874934,1.0,-0.2944554448614358,-0.3,7.9858791020743585
505,-1.5948228381359408,-0.6146172350177185,1.0,-0.29482283813594085,-0.3,7.983881640107976
506,-1.5950360056122082,-0.6146488920241071,1.0,-0.2950360056122081,-0.3,7.98298860396851
507,-1.5948373774372073,-0.6146193943808338,1.0,-0.2948373774372073,-0.3,7.983336419734463
508,1.1033989360066525,0.5245790121494873,1.0,-0.29660106399334746,0.4,7.348504444830187
509,1.103310610135691,0.5245590474459277,1.0,-0.29668938986430893,0.4,8.348013895499165
510,-1.595541430787936,-0.6147239307613646,1.0,-0.29554143078793604,-0.3,7.981034389217717
511,-1.597772881115518,-0.6150548774800564,1.0,-0.29777288111551814,-0.3,7.535639415057738
512,-1.5950746766033634,-0.6146546344057897,1.0,-0.2950746766033635,-0.3,7.982482897414046
513,0.4035557068996823,0.2875238260340215,1.0,-0.2964442931003178,-0.3,8.446743248964138
514,-1.594385949517823,-0.6145523374477672,1.0,-0.29438594951782293,-0.3,7.985090042692647
515,-1.5944243884913445,-0.6145580482376288,1.0,-0.2944243884913445,-0.3,7.987259763957943
516,-1.5951395798890444,-0.6146642717218489,1.0,-0.2951395798890444,-0.3,7.982709295736719
517,0.4039737932221193,0.2877359927744802,1.0,-0.2960262067778808,-0.3,7.448399399483827
518,0.40452057053345053,0.2880132758609649,1.0,-0.2954794294665495,-0.3,8.310562988750126
519,-1.5950596704306068,-0.6146524061105436,1.0,-0.2950596704306068,-0.3,7.983719224179964
520,-1.5954106264340135,-0.6147045134919716,1.0,-0.29541062643401345,-0.3,7.980839535178528
521,0.40454937291882614,0.28802787621350956,1.0,-0.2954506270811739,-0.3,8.59702985546547
522,-1.5955628995554039,-0.6147271175083868,1.0,-0.2955628995554038,-0.3,7.980925044750469
523,1.1020382384639433,0.5242712612446355,1.0,-0.2979617615360567,0.4,7.625662487408132
524,-1.5964251402542204,-0.6148550618709198,1.0,-0.2964251402542205,-0.3,7.780569492739247
525,-1.5952120602531015,-0.6146750335683653,1.0,-0.29521206025310154,-0.3,7.982477198037153
526,0.4058285302010594,0.2886756965609586,1.0,-0.2941714697989406,-0.3,8.60481669179186
527,0.40448996483598015,0.2879977607267685,1.0,-0.2955100351640198,-0.3,8.311256364191088
528,-1.594772223190765,-0.6146097175457235,1.0,-0.2947722231907651,-0.3,7.984938397177899
529,-1.594590942955883,-0.6145827908962205,1.0,-0.294590942955883,-0.3,7.985166094954993
530,-0.8967544374343008,-0.47278362435114235,1.0,-0.2967544374343007,0.4,7.636123794785019
531,-0.8975982535529674,-0.47301806474175956,1.0,-0.29759825355296754,0.4,7.628442489309726
532,0.40404572953939283,0.28777248563830105,1.0,-0.2959542704606072,-0.3,8.023109862904112
533,-1.5953854642870529,-0.6147007780693193,1.0,-0.2953854642870528,-0.3,7.981313832325832
534,0.404264001586714,0.28788319086007025,1.0,-0.295735998413286,-0.3,8.309847321676857
535,0.4042960418699653,0.2878994384486076,1.0,-0.29570395813003475,-0.3,8.023952419179018
536,0.4030331683201566,0.2872584750100426,1.0,-0.2969668316798434,-0.3,7.633636989373204
537,0.40413891368708615,0.2878197518405568,1.0,-0.29586108631291386,-0.3,8.308981807121194
538,1.1018778917226004,0.5242349691492082,1.0,-0.2981221082773996,0.4,8.053117065149326
539,0.40394307114847555,0.2877204065105259,1.0,-0.29605692885152446,-0.3,8.595174206319825
540,0.40474223338698795,0.28812562459313973,1.0,-0.2952577666130121,-0.3,8.025173762935943
541,0.40531657105364133,0.288416559942614,1.0,-0.2946834289463586,-0.3,8.600971267612405
542,0.4043244941330795,0.2879138659350081,1.0,-0.29567550586692054,-0.3,8.597134912311137
543,-1.5950014007487912,-0.6146437532899024,1.0,-0.2950014007487912,-0.3,7.982254183025267
544,-1.595157529084964,-0.6146669368650645,1.0,-0.29515752908496407,-0.3,7.983385286644341
545,-1.595215189234132,-0.6146754981442955,1.0,-0.29521518923413187,-0.3,7.981961668397002
546,0.404264001586714,0.28788319086007025,1.0,-0.295735998413286,-0.3,8.023608200154534
547,1.1015991112385124,0.5241718581567724,1.0,-0.2984008887614875,0.4,7.528538680492288
548,0.40419039154373354,0.28784586048860245,1.0,-0.2958096084562664,-0.3,8.595872156250973
549,0.40423031331046105,0.2878661067766665,1.0,-0.295769686689539,-0.3,8.596476160645658
550,-1.5953469781127139,-0.6146950645007087,1.0,-0.2953469781127139,-0.3,7.981824587553445
551,-1.5947654408080303,-0.6146087101851517,1.0,-0.2947654408080302,-0.3,7.984686733139261
552,-1.594376302437925,-0.6145509041767364,1.0,-0.29437630243792495,-0.3,7.985468744906672
553,-1.5965487469811217,-0.6148733964025708,1.0,-0.2965487469811216,-0.3,6.733759844844809
554,-1.5946765424370655,-0.6145955059736485,1.0,-0.2946765424370655,-0.3,7.984855588071376
555,0.40452949144815836,0.28801779806778066,1.0,-0.2954705085518417,-0.3,8.597648373517579
556,-1.5951459217717125,-0.6146652133852659,1.0,-0.2951459217717126,-0.3,7.9824304474209455
557,-1.594682281754681,-0.6145963584706258,1.0,-0.29468228175468114,-0.3,7.984358335307949
558,1.1017445029571311,0.5242047743705236,1.0,-0.29825549704286897,0.4,6.766916201962636
559,1.1025739975542075,0.5243924821845807,1.0,-0.29742600244579254,0.4,7.437025388705848
560,-1.5948003976111451,-0.6146139021249452,1.0,-0.29480039761114507,-0.3,7.983910987426184
561,0.40416641918794144,0.28783370237673056,1.0,-0.29583358081205857,-0.3,8.595947826890102
562,-1.5937878420176779,-0.6144634561853327,1.0,-0.29378784201767794,-0.3,7.988490223753879
563,0.4036589464799974,0.2875762288925429,1.0,-0.29634105352000256,-0.3,7.973264789574827
564,0.4040412549663948,0.28777021582322765,1.0,-0.29595874503360525,-0.3,8.308896227702666
565,0.4046135268293803,0.288060394621651,1.0,-0.2953864731706197,-0.3,8.02573732914041
566,0.4044234874025621,0.2879640585835907,1.0,-0.29557651259743795,-0.3,8.597028797958274
567,0.40594422735845154,0.28873423245327234,1.0,-0.2940557726415484,-0.3,8.265363785739282
568,1.102487653533344,0.5243729501481514,1.0,-0.2975123464666559,0.4,7.534391127121363
569,-0.8978843900357467,-0.4730975157126589,1.0,-0.29788439003574685,0.4,7.630010506685004
570,-0.8975854315952114,-0.4730145039323227,1.0,-0.2975854315952115,0.4,7.774274934374976
571,-1.595618087366335,-0.6147353091476342,1.0,-0.29561808736633505,-0.3,7.980349642793963
572,0.40467747869057696,0.28809280765846146,1.0,-0.2953225213094231,-0.3,8.599383170764778
573,-1.595487345781219,-0.6147159023427993,1.0,-0.2954873457812191,-0.3,7.980540307630219
574,-0.8965035445616825,-0.4727138776684339,1.0,-0.29650354456168265,0.4,7.972738375282375
575,-1.5956888048179525,-0.6147458053739479,1.0,-0.29568880481795257,-0.3,7.980069370022319
576,0.40401272409757666,0.2877557426391945,1.0,-0.2959872759024234,-0.3,7.4502109936470005
577,-1.5978252351217137,-0.6150626352841831,1.0,-0.2978252351217136,-0.3,7.535263283155625
578,0.4052948169016886,0.28840554453567174,1.0,-0.2947051830983114,-0.3,8.029075554011898
579,-1.5950939095770555,-0.6146574903090969,1.0,-0.29509390957705545,-0.3,7.9828952903731425
580,0.40674386551439873,0.2891385386391333,1.0,-0.2932561344856013,-0.3,8.608230075124128
581,-1.5957706190136445,-0.6147579479191478,1.0,-0.2957706190136444,-0.3,7.883265676973958
582,0.40394394591506116,0.28772085031627026,1.0,-0.2960560540849388,-0.3,8.022706330286958
583,-0.898243855363265,-0.4731972938173262,1.0,-0.2982438553632649,0.4,7.53097533931457
584,-1.5936289309785976,-0.6144398344513022,1.0,-0.29362893097859766,-0.3,7.990603242334416
585,-1.5952339242291325,-0.6146782798020675,1.0,-0.29523392422913236,-0.3,7.98277549217377
586,0.40466727422444987,0.288087635876529,1.0,-0.29533272577555014,-0.3,8.599173013930814
587,-1.595202662179016,-0.6146736381811632,1.0,-0.2952026621790161,-0.3,7.982909864909054
588,-1.5953965510079668,-0.614702423946879,1.0,-0.29539655100796675,-0.3,7.980881049256492
589,0.4039994134122416,0.2877489901725618,1.0,-0.29600058658775835,-0.3,8.307761243224864
590,-1.5946489156456498,-0.614591402339626,1.0,-0.2946489156456498,-0.3,7.985028113138911
591,-1.5955060966364534,-0.6147186857715682,1.0,-0.29550609663645344,-0.3,7.981376958540683
592,-1.59544165461539,-0.6147091196514735,1.0,-0.2954416546153899,-0.3,7.981369837430049
593,-1.5955910559187685,-0.6147312968583076,1.0,-0.2955910559187685,-0.3,7.980106211435464
594,0.4044439212159074,0.2879744182777744,1.0,-0.2955560787840926,-0.3,8.311099613665647
595,-1.5955560787840926,-0.6147261050632136,1.0,-0.2955560787840926,-0.3,7.9805065088188405
596,-1.5949326332528095,-0.6146335410848504,1.0,-0.2949326332528096,-0.3,7.984076168963605
597,-1.5951806682850793,-0.6146703725791817,1.0,-0.2951806682850792,-0.3,7.981875526672875
598,0.40536147778600323,0.2884392977845151,1.0,-0.2946385222139968,-0.3,8.599191477379122
599,0.4042499352986873,0.28787605762837537,1.0,-0.29575006470131276,-0.3,8.310523146180211
600,-1.595516920050322,-0.6147202924107265,1.0,-0.2955169200503221,-0.3,7.9813571950612285
601,0.404390584858686,0.28794737676155596,1.0,-0.29560941514131406,-0.3,8.5970170865815
602,-1.595041392977863,-0.6146496920218758,1.0,-0.29504139297786314,-0.3,7.983375760235871
603,-1.5947688329939724,-0.6146092140138161,1.0,-0.29476883299397244,-0.3,7.984066627307053
604,-1.5948340254977194,-0.614618896556134,1.0,-0.2948340254977194,-0.3,7.6984333660849895
605,0.40387193805112437,0.2876843158584574,1.0,-0.29612806194887564,-0.3,8.02164874706472
606,0.40371241151719744,0.2876033639118759,1.0,-0.29628758848280257,-0.3,7.448792545715161
607,0.40392822709577064,0.287712875416256,1.0,-0.29607177290422937,-0.3,8.594993556995693
608,-1.5956267440364647,-0.6147365940432183,1.0,-0.29562674403646455,-0.3,7.981387585674794
609,-1.5944124019376564,-0.6145562674410813,1.0,-0.29441240193765644,-0.3,7.984254557114326
610,1.1036061837134752,0.5246258507213979,1.0,-0.29639381628652484,0.4,8.495151172082473
611,-1.5950992399811232,-0.61465828181304,1.0,-0.29509923998112314,-0.3,7.982321394605665
612,-1.595191152939702,-0.6146719293231058,1.0,-0.29519115293970205,-0.3,7.982288790299029
613,-1.59534189252955,-0.6146943094940952,1.0,-0.2953418925295499,-0.3,7.981179755172563
614,0.4047931588369225,0.2881514308996671,1.0,-0.2952068411630775,-0.3,8.599628692043751
615,-1.5955619257416553,-0.6147269729600999,1.0,-0.2955619257416554,-0.3,7.981237594410252
616,-1.5953975576926338,-0.6147025733934103,1.0,-0.29539755769263387,-0.3,7.981754703204803
617,-1.5965324424883474,-0.6148709780642428,1.0,-0.29653244248834726,-0.3,7.7811761899658105
618,-1.594525339798666,-0.614573045535335,1.0,-0.29452533979866596,-0.3,7.985322013935325
619,-1.5944447123157568,-0.6145610676330747,1.0,-0.2944447123157567,-0.3,7.9866118692294545
620,0.40456034144486136,0.28803343616315763,1.0,-0.2954396585551386,-0.3,8.597888266003123
621,0.4039676314454848,0.28773286676814,1.0,-0.29603236855451526,-0.3,8.260814387759403
622,0.4023713380409922,0.28692210623976017,1.0,-0.29762866195900783,-0.3,7.962412755469552
623,-0.8959137961292649,-0.47254985852119447,1.0,-0.29591379612926483,0.4,7.736143099662813
624,1.1024375807302076,0.5243616223542364,1.0,-0.2975624192697924,0.4,7.864285410060907
625,-1.5937904819826365,-0.6144638485851711,1.0,-0.2937904819826365,-0.3,7.939142969196123
626,-0.8973980132788317,-0.47296245015460275,1.0,-0.2973980132788318,0.4,7.440482455803639
627,-0.8933662028748524,-0.4718401551260298,1.0,-0.29336620287485227,0.4,8.133532572391152
628,-0.8979893314494491,-0.47312664859063047,1.0,-0.29798933144944917,0.4,7.628568174091933
629,-1.5956065209387582,-0.6147335923480698,1.0,-0.2956065209387583,-0.3,7.832682481485205
630,1.101693393322524,0.5241932038340186,1.0,-0.29830660667747605,0.4,7.7669062652749234
631,-0.8962208091088475,-0.4726352568243556,1.0,-0.29622080910884735,0.4,7.875532462652311
632,-0.8981269820441535,-0.4731648570091617,1.0,-0.2981269820441535,0.4,7.531695598107652
633,-0.8980681764718268,-0.47314853470710244,1.0,-0.29806817647182665,0.4,7.579607174762368
634,-1.5979603260973698,-0.615082651588375,1.0,-0.2979603260973699,-0.3,7.4458233436784
635,-0.8954045988958854,-0.4724081599345481,1.0,-0.29540459889588555,0.4,8.075084161133056
636,-0.8982195124640069,-0.473190538062725,1.0,-0.29821951246400674,0.4,7.293185914925531
637,-1.5975663623848702,-0.6150242725341258,1.0,-0.29756636238487005,-0.3,7.63334415608887
638,-1.597876456610813,-0.6150702249695896,1.0,-0.29787645661081297,-0.3,7.535666808892837
639,-1.5981568532539554,-0.6151117671176816,1.0,-0.2981568532539554,-0.3,7.437826308957508
640,-0.9731089399842117,-0.4931856119368646,0.9244444444444446,-0.2975533844286563,0.4,7.7062724542123195
641,-1.5949436056058108,-0.6146351705525632,1.0,-0.2949436056058108,-0.3,7.886419960411522
642,-0.8976587168430208,-0.47303485546462326,1.0,-0.29765871684302075,0.4,7.628402993640377
643,-1.597187731639503,-0.6149681488874357,1.0,-0.29718773163950285,-0.3,7.53665433763934
644,-1.5981265394559994,-0.6151072764110319,1.0,-0.2981265394559994,-0.3,7.437891104740806
645,-0.8978729771500182,-0.4730943471771902,1.0,-0.29787297715001815,0.4,7.676934485799887
646,-1.5945476781975128,-0.614576363963864,1.0,-0.2945476781975127,-0.3,7.984277469244497
647,-0.8967301825456859,-0.47277688244626576,1.0,-0.2967301825456859,0.4,7.588494543807784
648,1.1022822192772348,0.5243264720453183,1.0,-0.29771778072276517,0.4,7.578135122338354
649,0.4052697285011962,0.2883928403790783,1.0,-0.2947302714988039,-0.3,8.602137554983575
650,-1.596549521639117,-0.6148735113017476,1.0,-0.29654952163911696,-0.3,7.684748917977616
651,-1.5978754630131518,-0.6150700777472421,1.0,-0.2978754630131517,-0.3,7.534764166832443
652,-0.8978201528078893,-0.4730796811697536,1.0,-0.2978201528078893,0.4,7.676909843324978
653,-1.59477448221738,-0.6146100530688725,1.0,-0.2947744822173799,-0.3,7.686866490872836
654,0.4028562768520168,0.287168602728156,1.0,-0.2971437231479832,-0.3,8.104683548833803
655,-0.8978424336929987,-0.47308586727397234,1.0,-0.2978424336929986,0.4,7.629092941643941
656,-1.5946037454552455,-0.614584692652349,1.0,-0.2946037454552456,-0.3,7.8874439369234075
657,-1.4003085322919928,-0.583386891082237,0.49777777777777765,-0.29808631006977054,0.4,7.35021018163276
658,-1.5958811520103757,-0.6147743515817157,1.0,-0.2958811520103757,-0.3,7.684991042040783
659,-1.6398536309962664,-0.6211911189854092,0.2577777777777772,-0.2976314087740435,0.4,6.7769597068790155
660,-0.8985087050164333,-0.47327078492835034,1.0,-0.2985087050164332,0.4,7.244600133201845
661,-0.8977278430692799,-0.4730540505836414,1.0,-0.2977278430692801,0.4,7.677568052562865
662,-0.8979651072821939,-0.473119923984294,1.0,-0.2979651072821938,0.4,7.580174892661763
663,-0.8979812863463827,-0.4731244152965271,1.0,-0.2979812863463828,0.4,7.293666268854357
664,-1.5973105147006894,-0.6149863505576119,1.0,-0.2973105147006895,-0.3,7.585063699313194
665,-0.8983773955284633,-0.47323435142271925,1.0,-0.29837739552846343,0.4,7.244931792126682
666,-1.59783637792595,-0.6150642863818945,1.0,-0.29783637792594997,-0.3,7.535314873643442
667,-1.3990116464190783,-0.5831616734780486,0.49777777777777765,-0.2967894241968559,0.4,7.67820912487673
668,-1.5982715937805991,-0.6151287639084118,1.0,-0.29827159378059903,-0.3,7.437663333520152
669,-0.8978908158815666,-0.47309929968995507,1.0,-0.29789081588156663,0.4,7.3906017640387
670,-1.5949084181579076,-0.6146299449327436,1.0,-0.29490841815790764,-0.3,7.7886350562925015
671,-1.8778600075305196,-0.6525195814308925,0.7199999999999998,-0.29786000753051944,-0.3,7.060829231800989
672,-1.5959854981037924,-0.6147898357943684,1.0,-0.2959854981037925,-0.3,7.734977016123969
673,-1.5957771400570981,-0.6147589157141573,1.0,-0.2957771400570981,-0.3,7.98016770042002
674,-2.100283101094604,-0.6774488111595569,0.49777777777777765,-0.29806087887238175,-0.3,7.210719009267757
675,-1.673804408945755,-0.6260010655026609,0.9244444444444446,-0.29824885339019963,-0.3,7.182872284518615
676,-1.5961142746992978,-0.61480894360252,1.0,-0.29611427469929785,-0.3,7.783079784655492
677,-0.896905679080044,-0.47282565968963874,1.0,-0.296905679080044,0.4,7.489551589267231
678,-0.8960023583086307,-0.47257449569204585,1.0,-0.29600235830863075,0.4,7.874855756520681
679,-1.597324668550621,-0.6149884486493452,1.0,-0.29732466855062095,-0.3,7.438967493196007
680,-0.8970464267651059,-0.47286477236868335,1.0,-0.297046426765106,0.4,7.441393557386046
681,-1.5949216393469017,-0.6146319084025661,1.0,-0.29492163934690163,-0.3,6.78544026354013
682,-1.6729625316906749,-0.6258832706616766,0.9244444444444446,-0.29740697613511946,-0.3,7.485491620322726
683,-1.5974135309123165,-0.6150016206126564,1.0,-0.2974135309123165,-0.3,7.632233501152434
684,-1.5972222366780329,-0.6149732641750957,1.0,-0.29722223667803294,-0.3,7.633842408537531
685,-1.400547287258726,-0.583428326820449,0.49777777777777765,-0.2983250650365035,0.4,6.4957063680097455
686,-2.3381396309192297,-0.7004319439673564,0.2577777777777772,-0.29591740869700695,-0.3,6.9986509842039695
687,-1.5973129811538715,-0.6149867161732107,1.0,-0.2973129811538715,-0.3,7.585279509855336
688,-1.595393529755469,-0.6147019754286674,1.0,-0.295393529755469,-0.3,7.687911779418574
689,0.403148038621245,0.28731682440106926,1.0,-0.29685196137875497,-0.3,8.252343845785342
690,-2.098947977055815,-0.677309845985198,0.49777777777777765,-0.29672575483359237,-0.3,7.699547401180318
691,-0.8976808935898886,-0.4730410137036918,1.0,-0.2976808935898885,0.4,7.580620909778095
692,-1.8775999213708046,-0.6524881751026637,0.7199999999999998,-0.2975999213708042,-0.3,7.3370390761799555
693,-0.8970017649163657,-0.4728523618194485,1.0,-0.29700176491636593,0.4,7.485648766089921
694,-1.5921108903826156,-0.6142140354757769,1.0,-0.29211089038261545,-0.3,7.800856487102075
695,-0.8976220576773146,-0.47302467530125686,1.0,-0.2976220576773148,0.4,7.580803594537878
696,-0.8979893314494491,-0.47312664859063047,1.0,-0.29798933144944917,0.4,7.294485688565298
697,1.1028601900397614,0.5244572108328839,1.0,-0.2971398099602386,0.4,7.772722530523572
698,-1.5979798635537914,-0.6150855462628203,1.0,-0.29797986355379136,-0.3,7.390297642576412
699,-0.9735524319264275,-0.49329950204369377,0.9244444444444446,-0.29799687637087213,0.4,7.322141358695978
700,-1.5979670168695328,-0.6150836428997593,1.0,-0.29796701686953286,-0.3,7.405222556361902
701,-1.5979109647216754,-0.61507533800061,1.0,-0.2979109647216753,-0.3,7.438516666672022
702,-0.9735739787978033,-0.49330503404329085,0.9244444444444446,-0.29801842324224775,0.4,7.304219050740859
703,-2.5971986363990287,-0.7220058992902741,-8.881784197001252e-16,-0.29719863639902794,-0.3,6.67462359388127
704,-1.6390805890634008,-0.6210801579367851,0.2577777777777772,-0.296858366841178,0.4,7.130486289379613
705,-0.8970705306323796,-0.47287147006249963,1.0,-0.2970705306323796,0.4,7.72672829743149
706,-0.8982249954984969,-0.47319205975507245,1.0,-0.29822499549849707,0.4,7.531711648170634
707,-1.594238428317793,-0.6145304189914265,1.0,-0.294238428317793,-0.3,7.937335892634197
708,-0.9735244803648611,-0.4932923255073471,0.9244444444444446,-0.29796892480930587,0.4,7.446000922246102
709,-2.7778873580426025,-0.7353017956262943,-0.8800000000000008,-0.29788735804260164,0.4,3.7154058822807974
710,-1.5981216646294196,-0.6151065542411256,1.0,-0.2981216646294197,-0.3,7.341469213888104
711,-0.8971502342469733,-0.47289361593604884,1.0,-0.29715023424697334,0.4,7.77503601726963
712,-1.6732471969791274,-0.6259231091198605,0.9244444444444446,-0.2976916414235721,-0.3,7.5330308732670925
713,-2.340420073339205,-0.7006364534864132,0.2577777777777772,-0.29819785111698194,-0.3,5.7607946536937895
714,-3.1662682889418425,-0.759977051248905,-0.5688888888888899,-0.2973794000529524,-0.3,1.83508256554416
715,-1.595418651995343,-0.614705704903829,1.0,-0.29541865199534306,-0.3,7.786646955018303
716,-1.6713909752228249,-0.6256631809888523,0.9244444444444446,-0.29583541966726956,-0.3,7.636044024747663
717,-1.5960297288580265,-0.61479639894575,1.0,-0.2960297288580265,-0.3,7.587178907332086
718,-0.897141767166636,-0.47289126342229504,1.0,-0.29714176716663615,0.4,7.39321476971273
719,0.40147239607493607,0.2864647189622346,1.0,-0.29852760392506394,-0.3,6.432270908829549
720,-0.8970187544023263,-0.4728570828942282,1.0,-0.2970187544023263,0.4,7.679707586222362
721,-0.8975556460128189,-0.4730062319377987,1.0,-0.297555646012819,0.4,7.629297029870186
722,-2.099809888222577,-0.6773995709222679,0.49777777777777765,-0.2975876660003543,-0.3,6.455959467218499
723,-2.778182414927497,-0.7353224672135927,-0.8800000000000008,-0.2981824149274963,0.4,5.345769341800045
724,-1.8982617043701722,-0.6549655959321616,-8.881784197001252e-16,-0.2982617043701713,0.4,5.98446932855159
725,1.1086714573700114,0.5257677546187184,1.0,-0.29132854262998864,0.4,7.59973774975838
726,-1.6389464999362913,-0.6210609044085805,0.2577777777777772,-0.29672427771406856,0.4,6.20525397846163
727,-1.596108228742583,-0.6148080465488347,1.0,-0.29610822874258297,-0.3,7.834025279522106
728,-0.897718841839831,-0.47305155118210035,1.0,-0.29771884183983116,0.4,7.342929229993597
729,-0.8968562330107637,-0.47281191763660374,1.0,-0.2968562330107637,0.4,7.775748525926276
730,-1.6724344813368623,-0.6258093483737126,0.9244444444444446,-0.29687892578130703,-0.3,7.379484571450133
731,-1.4001916237591887,-0.5833665986910677,0.49777777777777765,-0.2979694015369663,0.4,7.08448165284697
732,-1.8773363093858797,-0.6524563372248156,0.7199999999999998,-0.29733630938587935,-0.3,6.486707557817816
733,-0.8978744689883773,-0.4730947613553022,1.0,-0.29787446898837716,0.4,7.438936523007931
734,-0.8974443121360745,-0.4729753102085847,1.0,-0.2974443121360743,0.4,7.488760008948976
735,-2.897846965296853,-0.7434481115079279,-1.0,-0.29784696529685317,0.4,1.08328061233344
736,-1.5965765349900345,-0.6148775179454367,1.0,-0.29657653499003445,-0.3,7.538132370451669
737,-0.8979314214578937,-0.4731105725454236,1.0,-0.29793142145789364,0.4,7.2620602986294145
738,-1.876558805176726,-0.6523623997533528,0.7199999999999998,-0.29655880517672567,-0.3,7.664317682109411
739,-0.8984424623001308,-0.47325240566500415,1.0,-0.29844246230013094,0.4,5.100372402222286
740,-0.9730192274599978,-0.4931625672561903,0.9244444444444446,-0.29746367190444245,0.4,7.465117893304087
741,-1.590796083100208,-0.6140182523344808,1.0,-0.290796083100208,-0.3,7.799600251134582
742,-1.8768290896919348,-0.6523950610819619,0.7199999999999998,-0.29682908969193456,-0.3,7.119200219599558
743,-1.4003816900037207,-0.5833995884219355,0.49777777777777765,-0.29815946778149827,0.4,7.117617505462687
744,-1.5975686129667341,-0.6150246060842719,1.0,-0.2975686129667342,-0.3,7.488966723378655
745,-1.5978109771457545,-0.6150605225716954,1.0,-0.29781097714575444,-0.3,7.536177079260272
746,-2.0966525952726176,-0.6770706531541153,0.49777777777777765,-0.2944303730503955,-0.3,6.751291957940921
747,-1.5958601721282817,-0.614771238167222,1.0,-0.2958601721282817,-0.3,7.88159648976435
748,1.1017553107207259,0.5242072210313179,1.0,-0.298244689279274,0.4,7.291509268214404
749,-1.4000059757718684,-0.5833343707911439,0.49777777777777765,-0.2977837535496459,0.4,6.760834884667329
750,-1.5940684480518483,-0.6145051605130148,1.0,-0.2940684480518484,-0.3,7.837705505460533
751,0.4035660697183077,0.28752908639299213,1.0,-0.29643393028169235,-0.3,7.91766238244184
752,-1.5959694656549934,-0.6147874567747705,1.0,-0.2959694656549933,-0.3,7.738111421577516
753,-1.6732164445173618,-0.6259188057701232,0.9244444444444446,-0.2976608889618064,-0.3,7.361463743919487
754,-1.592389529193652,-0.6142555010584986,1.0,-0.2923895291936521,-0.3,7.942453166958345
755,-1.6736260073404186,-0.6259761098768085,0.9244444444444446,-0.2980704517848631,-0.3,7.391553759905286
756,-2.7773209828317893,-0.7352621065180651,-0.8800000000000008,-0.2973209828317887,0.4,5.196562015261438
757,-2.4666262271290607,-0.7115350965228907,-0.5688888888888899,-0.29773733824017096,0.4,6.177848551239705
758,-1.5965285501296647,-0.614870400731753,1.0,-0.29652855012966467,-0.3,7.73524836421684
759,-3.4769737105080525,-0.7766348286448796,-0.8800000000000008,-0.2969737105080514,-0.3,2.1080800108797266
760,-1.8765433199334705,-0.6523605283221918,0.7199999999999998,-0.29654331993347016,-0.3,7.267910223166469
761,-2.87054174809324,-0.7416382343653485,-0.27555555555555644,-0.29498619253768354,-0.3,4.763757899045351
762,1.1029028983211275,0.5244668687278146,1.0,-0.2970971016788725,0.4,8.296982349993232
763,-0.896012973652379,-0.47257744862702444,1.0,-0.29601297365237883,0.4,7.6869603623901135
764,-1.8955060966364543,-0.6546372321019654,-8.881784197001252e-16,-0.29550609663645344,0.4,4.913250773039618
765,-1.5975736697999703,-0.6150253555361122,1.0,-0.29757366979997024,-0.3,7.583568126926028
766,-1.5970904796577368,-0.6149537307873127,1.0,-0.2970904796577368,-0.3,7.538145396035468
767,-0.9731202287506671,-0.493188511562128,0.9244444444444446,-0.2975646731951116,0.4,7.242390406810967
768,-3.596832673365932,-0.7824589078923834,-1.0,-0.29683267336593216,-0.3,1.0687018760730747
769,-1.5936208225029183,-0.6144386290687737,1.0,-0.29362082250291816,-0.3,7.984931335721832
770,0.4036255840893614,0.28755929548778064,1.0,-0.2963744159106386,-0.3,8.301284118651346
771,-1.5942445929080595,-0.6145313349659779,1.0,-0.2942445929080596,-0.3,7.788037356185583
772,0.40217121373649084,0.2868203324933403,1.0,-0.2978287862635092,-0.3,7.76860407981916
773,-1.5976379892264045,-0.615034887791348,1.0,-0.29763798922640455,-0.3,7.428696636080037
774,-1.5958289804454229,-0.6147666092284677,1.0,-0.29582898044542283,-0.3,7.7812441257691365
775,-2.1737805510540533,-0.6849183540217085,-0.27555555555555644,-0.29822499549849707,0.4,6.653539440169413
776,-2.8724196061463387,-0.7417635221108809,-0.27555555555555644,-0.29686405059078236,-0.3,5.760704496479548
777,-2.5953174114932476,-0.7218604408046775,-8.881784197001252e-16,-0.2953174114932466,-0.3,5.566062085523065
778,-1.1766601833505979,-0.5405805611509509,0.7199999999999998,-0.29666018335059774,0.4,7.535886817200786
779,-1.5935063233731517,-0.6144216071548321,1.0,-0.2935063233731517,-0.3,7.890667087472724
780,1.104191316055391,0.5247580424984152,1.0,-0.29580868394460896,0.4,7.869884169894889
781,-1.3982607438616232,-0.583031160160749,0.49777777777777765,-0.296038521639401,0.4,7.244777670505551
782,1.1032331318164617,0.524541533283879,1.0,-0.2967668681835384,0.4,6.580606587822679
783,-0.8976226086778216,-0.47302482831570225,1.0,-0.29762260867782175,0.4,7.295794817557778
784,-2.8721596743777074,-0.7417461871169583,-0.27555555555555644,-0.29660411882215104,-0.3,4.934178465678622
785,-3.4777981743214927,-0.7766759552195478,-0.8800000000000008,-0.29779817432149186,-0.3,3.9848641268813356
786,-2.8981402150239655,-0.7434674114220255,-1.0,-0.2981402150239654,0.4,3.044035169090096
787,-2.873085647883781,-0.7418079301844536,-0.27555555555555644,-0.2975300923282245,-0.3,2.4741313990664797
788,-2.87351109014288,-0.741836288388395,-0.27555555555555644,-0.2979555345873235,-0.3,5.263871659109203
789,-1.400267509418885,-0.5833797707647577,0.49777777777777765,-0.2980452871966627,0.4,5.923165190787108
790,-2.873325840788608,-0.7418239412059379,-0.27555555555555644,-0.29777028523305143,-0.3,6.286325706413865
791,-0.8959381246733165,-0.47255662672414106,1.0,-0.2959381246733165,0.4,7.826636587115252
792,-3.476296686131341,-0.7766010454360088,-0.8800000000000008,-0.2962966861313403,-0.3,-0.36826977772865943
793,-2.595921920323499,-0.7219071987219241,-8.881784197001252e-16,-0.2959219203234983,-0.3,0.07714488505105499
794,-2.7784233128739686,-0.7353393420496939,-0.8800000000000008,-0.2984233128739679,0.4,2.7038642864354303
795,-2.898601685477296,-0.743497776722073,-1.0,-0.29860168547729615,0.4,2.711567822500022
796,1.1046014358223906,0.5248506520146692,1.0,-0.29539856417760946,0.4,8.49795389849813
797,0.40279624534780184,0.2871380976985255,1.0,-0.2972037546521982,-0.3,7.823907234506471
798,-2.3381133738863906,-0.7004295876159076,0.2577777777777772,-0.2958911516641677,-0.3,6.70198950451287
799,-2.097463414306609,-0.6771551859559711,0.49777777777777765,-0.29524119208438676,-0.3,6.804624875197782
800,-2.4669304907361354,-0.7115604126843428,-0.5688888888888899,-0.2980416018472455,0.4,4.314585355697662
801,-2.8978838949956263,-0.7434505421559966,-1.0,-0.2978838949956264,0.4,2.1641721628324393
802,0.4056152555489106,0.2885677669957507,1.0,-0.29438474445108936,-0.3,8.313690507390456
803,-3.597675502471329,-0.7824987867320164,-1.0,-0.2976755024713289,-0.3,-2.8753888587547363
804,-2.898402036031876,-0.743484640435422,-1.0,-0.29840203603187615,0.4,2.628423468075293
805,-1.4002610558644273,-0.5833786506027108,0.49777777777777765,-0.29803883364220496,0.4,7.1598155396490215
806,-1.5967668681835385,-0.6149057459672886,1.0,-0.2967668681835384,-0.3,7.782134183517895
807,-2.898545931108036,-0.7434941084006205,-1.0,-0.2985459311080358,0.4,4.286149710274971
808,-2.8982212012107795,-0.7434727409287595,-1.0,-0.2982212012107794,0.4,2.4702890539152107
809,-2.467209556920018,-0.7115836283953032,-0.5688888888888899,-0.29832066803112844,0.4,5.005002983110191
810,-2.898272415553724,-0.7434761111075515,-1.0,-0.298272415553724,0.4,2.681380655199231
811,-1.59621828374075,-0.6148243750293776,1.0,-0.29621828374075,-0.3,7.735102930301994
812,-2.8980369861731923,-0.7434606178578806,-1.0,-0.29803698617319213,0.4,0.32464570287894756
813,-1.6723572880987825,-0.6257985395689967,0.9244444444444446,-0.29680173254322717,-0.3,7.5283751693500545
814,-1.5962484870069464,-0.614828855941737,1.0,-0.29624848700694634,-0.3,7.68692553446733
815,-1.6393437057236895,-0.6211179325256515,0.2577777777777772,-0.2971214835014667,0.4,6.904330647500712
816,-2.1726066833354674,-0.6848017734903507,-0.27555555555555644,-0.29705112777991116,0.4,6.7606017699266285
817,-0.8971122800577405,-0.47288307048986894,1.0,-0.29711228005774043,0.4,7.198451154917457
818,-2.339727092155035,-0.7005743366429599,0.2577777777777772,-0.2975048699328121,-0.3,5.74848721891356
819,-2.8980471274781774,-0.743461285280318,-1.0,-0.2980471274781773,0.4,3.597033090817606
820,-2.466519199287339,-0.7115261902470974,-0.5688888888888899,-0.2976303103984493,0.4,5.929769823892362
821,-3.5961631888228824,-0.7824272205060437,-1.0,-0.2961631888228824,-0.3,0.12944175729728247
822,-2.8931947554648056,-0.7431415424064469,-1.0,-0.2931947554648057,0.4,-1.4992014683675956
823,-1.8765043284645726,-0.6523558160144391,0.7199999999999998,-0.2965043284645725,-0.3,7.115036017486951
824,1.1089186021389068,0.5258233300300067,1.0,-0.2910813978610933,0.4,8.410657721309818
825,-0.8945170890291596,-0.4721610030382743,1.0,-0.29451708902915946,0.4,7.437931048138457
826,-2.8967850697605875,-0.7433781996959257,-1.0,-0.29678506976058755,0.4,3.314968731931799
827,-2.894214948458616,-0.743208833298785,-1.0,-0.29421494845861595,0.4,-0.6097858539894382
828,-2.889263050073945,-0.7428818809308907,-1.0,-0.28926305007394515,0.4,4.210376980685532
829,-3.4752784111723525,-0.7765502147299841,-0.8800000000000008,-0.29527841117235193,-0.3,3.545968424154448
830,-1.5944291766031677,-0.6145587595845344,1.0,-0.2944291766031677,-0.3,7.987322622200223
831,-1.178007208133675,-0.5408646967440959,0.7199999999999998,-0.2980072081336748,0.4,7.20154581558844
832,-2.89824510610047,-0.7434743140098932,-1.0,-0.2982451061004698,0.4,0.4236105216295918
833,-0.8984142264325752,-0.4732445711391658,1.0,-0.2984142264325753,0.4,7.244823617656319
834,-2.898254667858065,-0.7434749432238966,-1.0,-0.29825466785806504,0.4,5.098818132372857
835,-2.8977304842787133,-0.7434404446296514,-1.0,-0.2977304842787131,0.4,1.090699094777385
836,-2.0989963822946964,-0.6773148862924662,0.49777777777777765,-0.29677416007247404,-0.3,6.857434510675142
837,-2.465943370347556,-0.7114782634490296,-0.5688888888888899,-0.29705448145866625,0.4,5.920309608326455
838,-2.8972538399265013,-0.7434090667240554,-1.0,-0.2972538399265011,0.4,1.70508496257683
839,-2.595711516630865,-0.7218909260726826,-8.881784197001252e-16,-0.29571151663086404,-0.3,3.82830575223719
840,-2.8716542662136737,-0.7417124745030602,-0.27555555555555644,-0.29609871065811694,-0.3,5.159687329593221
841,-1.876206478364902,-0.6523198151724867,0.7199999999999998,-0.29620647836490166,-0.3,7.524172945909665
842,-1.5968626305344646,-0.6149199467689255,1.0,-0.2968626305344647,-0.3,7.733659629729257
843,1.1019060306834059,0.5242413383842551,1.0,-0.29809396931659415,0.4,8.101551047706213
844,-0.8984691316295921,-0.47325980531396455,1.0,-0.298469131629592,0.4,6.386554291548057
845,-0.8981167781310824,-0.47316202484411063,1.0,-0.2981167781310824,0.4,7.341728083624146
846,-2.1738877928069726,-0.6849290002418125,-0.27555555555555644,-0.29833223725141605,0.4,5.533841766580683
847,-3.4772632565299344,-0.7766492737407087,-0.8800000000000008,-0.2972632565299335,-0.3,-0.12792779473016325
848,-3.4769308309104585,-0.7766326892755157,-0.8800000000000008,-0.2969308309104577,-0.3,2.789486377493153
849,-1.5975363612999993,-0.6150198261326644,1.0,-0.29753636129999933,-0.3,7.487921548223882
850,-1.876696841080347,-0.652379080854259,0.7199999999999998,-0.2966968410803468,-0.3,7.656874371746844
851,-2.8983828153881634,-0.7434833757083372,-1.0,-0.2983828153881636,0.4,2.8740227696336724
852,-1.8979655848335586,-0.6549303396722588,-8.881784197001252e-16,-0.2979655848335576,0.4,6.121337411145958
853,-3.5975910140529557,-0.7824947897837348,-1.0,-0.2975910140529556,-0.3,-2.711465203559314
854,-2.173705420011569,-0.6849108951024337,-0.27555555555555644,-0.29814986445601255,0.4,6.054502563850052
855,-2.339086272813005,-0.7005168724923203,0.2577777777777772,-0.29686405059078236,-0.3,6.297114819235832
856,-3.1665202976629336,-0.7599915688492108,-0.5688888888888899,-0.2976314087740435,-0.3,2.6437480244878713
857,-3.597548855503865,-0.782492795307032,-1.0,-0.2975488555038645,-0.3,-2.7426860536378994
858,-2.8717170376240615,-0.7417166620694818,-0.27555555555555644,-0.2961614820685048,-0.3,4.623214507369823
859,-2.1722908968585366,-0.6847703970054315,-0.27555555555555644,-0.2967353413029803,0.4,2.7481127207974367
860,-2.5977567418081167,-0.7220490233874366,-8.881784197001252e-16,-0.29775674180811584,-0.3,6.25148183347733
861,-2.173811881420293,-0.6849214643583424,-0.27555555555555644,-0.29825632586473655,0.4,5.591785644676375
862,-1.5947461807990146,-0.6146058495432242,1.0,-0.2947461807990146,-0.3,7.644915209548834
863,-3.598307009931771,-0.7825286572122905,-1.0,-0.29830700993177095,-0.3,-1.3901863365839215
864,-3.5963671162897874,-0.7824368735787133,-1.0,-0.2963671162897875,-0.3,1.4746009186359028
865,-2.1734035266874443,-0.6848809199365045,-0.27555555555555644,-0.29784797113188766,0.4,7.035753815929683
866,-3.1649484409812834,-0.7599009893710965,-0.5688888888888899,-0.29605955209239354,-0.3,5.103777883632887
867,-2.898676170874239,-0.7435026772752557,-1.0,-0.29867617087423876,0.4,0.09001776773890058
868,1.1023282781510573,0.5243368933421407,1.0,-0.29767172184894286,0.4,7.626931069191621
869,-2.3365476313368068,-0.7002890081328333,0.2577777777777772,-0.2943254091145838,-0.3,4.88046720522845
870,-3.595025214973207,-0.7823733378564647,-1.0,-0.29502521497320666,-0.3,2.2661374824649405
871,-1.5973818085929286,-0.6149969185540239,1.0,-0.2973818085929286,-0.3,7.537301203411689
872,-2.8726420553734853,-0.7417783555254094,-0.27555555555555644,-0.2970864998179288,-0.3,3.684206426955555
873,-3.596038521639401,-0.7824213188615092,-1.0,-0.296038521639401,-0.3,-1.236169978454929
874,-2.897972735751253,-0.7434563893102062,-1.0,-0.2979727357512529,0.4,0.7352287863762574
875,-2.597353987581528,-0.7220179044230529,-8.881784197001252e-16,-0.29735398758152715,-0.3,4.848119312471929
876,-3.477035655851741,-0.776637919179191,-0.8800000000000008,-0.29703565585173963,-0.3,4.085213145133263
877,-2.596690135675467,-0.7219665964323619,-8.881784197001252e-16,-0.29669013567546587,-0.3,5.557289914049657
878,-2.465697120160577,-0.7114577629467901,-0.5688888888888899,-0.2968082312716872,0.4,3.241260206707234
879,-3.5959578504791603,-0.7824174997828269,-1.0,-0.29595785047916057,-0.3,4.73049813866821
880,-2.339776172226707,-0.7005787368878447,0.2577777777777772,-0.2975539500044844,-0.3,4.550361269495724
881,0.4052221308988147,0.2883687368627084,1.0,-0.2947778691011853,-0.3,6.782428428036764
882,-1.59660564529733,-0.6148818355181952,1.0,-0.2966056452973301,-0.3,7.439755453418238
883,-1.8783516184241562,-0.6525789296905007,0.7199999999999998,-0.29835161842415603,-0.3,6.894662587966177
884,-1.598362208900481,-0.6151421858836384,1.0,-0.29836220890048093,-0.3,7.341344063949263
885,-1.598217822240713,-0.6151207987875336,1.0,-0.2982178222407131,-0.3,7.341656662068164
886,-2.898275699047492,-0.7434763271760535,-1.0,-0.29827569904749185,0.4,5.284456015866951
887,-3.5977325952169332,-0.7825014875723069,-1.0,-0.297732595216933,-0.3,2.6450445402345943
888,-3.598165120882295,-0.78252194653503,-1.0,-0.2981651208822949,-0.3,1.488062892916536
889,-1.8765332204824348,-0.6523593077669076,0.7199999999999998,-0.2965332204824346,-0.3,7.527923812831171
890,-0.8982308829091128,-0.47319369366309066,1.0,-0.29823088290911265,0.4,7.245312155794821
891,-3.5980731789059472,-0.7825175978956609,-1.0,-0.29807317890594737,-0.3,2.1341632647961966
892,-2.89840852290308,-0.7434850672716782,-1.0,-0.29840852290308,0.4,5.514867193026211
893,-1.598005802148389,-0.615089389264234,1.0,-0.298005802148389,-0.3,7.389277778593817
894,0.40149956586581387,0.2864785517202617,1.0,-0.2985004341341861,-0.3,7.1461925156288135
895,-2.898368844754378,-0.743482456426463,-1.0,-0.29836884475437825,0.4,2.874098917298424
896,0.4061687277055214,0.28884778881996365,1.0,-0.2938312722944786,-0.3,8.410543302963017
897,-3.598194003428209,-0.7825233125756668,-1.0,-0.2981940034282089,-0.3,3.55208757396567
898,-2.8975249522962105,-0.7434269152245313,-1.0,-0.2975249522962106,0.4,1.654044509420928
899,-2.5966864050860394,-0.7219663080478994,-8.881784197001252e-16,-0.2966864050860383,-0.3,7.273545067528106
900,-2.897102389369808,-0.7433990949974224,-1.0,-0.29710238936980776,0.4,1.4478220831758053
901,-0.8979280248382357,-0.4731096295997673,1.0,-0.29792802483823566,0.4,7.0563599316908485
902,-1.594766571757757,-0.6146088781610224,1.0,-0.29476657175775706,-0.3,7.741114991949844
903,-2.1705840099490725,-0.6846006928496234,-0.27555555555555644,-0.2950284543935161,0.4,5.358565195544769
904,-3.598410045691571,-0.7825335300541676,-1.0,-0.298410045691571,-0.3,1.3090350988368806
905,-1.6404067883205526,-0.6212704783129056,0.2577777777777772,-0.29818456609832983,0.4,7.262651928796205
906,-2.898398208842148,-0.7434843886055942,-1.0,-0.2983982088421479,0.4,2.94491377070821
907,-0.8963808932421053,-0.4726797746362165,1.0,-0.2963808932421054,0.4,7.826149994646516
908,-2.5954076135620006,-0.721867418807268,-8.881784197001252e-16,-0.29540761356199974,-0.3,1.0933918726600298
909,-1.6399768737362332,-0.6212088030207825,0.2577777777777772,-0.2977546515140105,0.4,7.244219063617552
910,-0.8975414796052892,-0.4730022975792805,1.0,-0.2975414796052892,0.4,7.392802052330519
911,-3.47825549704287,-0.7766987612340719,-0.8800000000000008,-0.29825549704286897,-0.3,4.104932742066415
912,-1.6402858406611622,-0.6212531292636153,0.2577777777777772,-0.2980636184389394,0.4,6.0845813371746935
913,-2.3404319957028497,-0.7006375219473393,0.2577777777777772,-0.29820977348062677,-0.3,6.670431205592554
914,-2.8977494179535057,-0.7434416908911899,-1.0,-0.2977494179535059,0.4,4.567524179442569
915,1.101930913106917,0.5242469703621825,1.0,-0.2980690868930831,0.4,8.053616332877901
916,-0.9730244840237678,-0.4931639175806834,0.9244444444444446,-0.29746892846821243,0.4,7.467907525187581
917,-2.5960551791418203,-0.7219175039915142,-8.881784197001252e-16,-0.29605517914181956,-0.3,3.8236564189257725
918,-2.8973265096684933,-0.7434138511312309,-1.0,-0.29732650966849344,0.4,1.6894601470369375
919,1.1014568746784463,0.5241396518531866,1.0,-0.2985431253215536,0.4,7.621935993351605
920,-1.1776325066826183,-0.540785694128258,0.7199999999999998,-0.29763250668261804,0.4,7.1789356799129145
921,-2.8947086105942077,-0.7432413820947102,-1.0,-0.2947086105942078,0.4,-2.393179713788869
922,-1.593103920166395,-0.6143617723057425,1.0,-0.29310392016639497,-0.3,7.592603167796951
923,-2.8983194670026493,-0.7434792072675145,-1.0,-0.2983194670026492,0.4,3.6247474938966815
924,-1.595545341199079,-0.6147245112127286,1.0,-0.295545341199079,-0.3,7.981381984611697
925,-2.8979036138037406,-0.7434518399945356,-1.0,-0.2979036138037408,0.4,1.9680365032416596
926,1.1014642636724088,0.5241413250337874,1.0,-0.29853573632759134,0.4,7.6217075992981504
927,-3.5977288998914254,-0.7825013127625653,-1.0,-0.2977288998914251,-0.3,-4.270351005757746
928,-3.598410426178635,-0.7825335480480331,-1.0,-0.29841042617863484,-0.3,2.9482251899769283
929,-1.5975787169875948,-0.6150261035555075,1.0,-0.29757871698759486,-0.3,7.6338496640696025
930,-2.337784147963878,-0.7004000391666962,0.2577777777777772,-0.2955619257416554,-0.3,0.5935651731562697
931,-2.897897715963535,-0.7434514518160448,-1.0,-0.29789771596353515,0.4,3.309669838744312
932,-2.898319066483916,-0.7434791809122108,-1.0,-0.29831906648391604,0.4,0.7249358165251729
933,-2.7781897193471283,-0.7353229789178506,-0.8800000000000008,-0.29818971934712757,0.4,5.2538561412265965
934,-1.5964894068794124,-0.614864594729139,1.0,-0.2964894068794125,-0.3,7.78408262708023
935,-2.8974501929828436,-0.7434219937433844,-1.0,-0.29745019298284375,0.4,-0.5944524979505358
936,1.1014129177277256,0.5241296978980657,1.0,-0.29858708227227443,0.4,7.907875116413894
937,0.40208610154933005,0.28677703965898943,1.0,-0.29791389845067,-0.3,7.866058987138187
938,-3.596366304394884,-0.7824368351487054,-1.0,-0.296366304394884,-0.3,-3.1276548947460467
939,-1.5951215704283654,-0.6146615975933125,1.0,-0.29512157042836534,-0.3,7.982808289361452
940,0.4016156391497789,0.28653764122766157,1.0,-0.29838436085022113,-0.3,7.718547902205208
941,1.1013027791323595,0.5241047554256288,1.0,-0.29869722086764033,0.4,7.3835675001920045
942,-1.5980681764718268,-0.6150986301837549,1.0,-0.29806817647182665,-0.3,7.341316060432885
943,-3.5976684768259553,-0.7824984543708642,-1.0,-0.2976684768259553,-0.3,0.8930680277290999
944,-1.5948317897772661,-0.6146185645097876,1.0,-0.29483178977726604,-0.3,7.983509625488117
945,-0.8949796619153179,-0.47228985086348246,1.0,-0.2949796619153178,0.4,7.839980247775841
946,-2.173667881265917,-0.6849071681687378,-0.27555555555555644,-0.2981123257103605,0.4,6.361170781622341
947,-3.5963711732859514,-0.7824370656112398,-1.0,-0.296371173285951,-0.3,0.29070057691812545
948,-0.8961409470507951,-0.47261304516662,1.0,-0.29614094705079513,0.4,7.686271426161593
949,-1.176376846146593,-0.540520750452496,0.7199999999999998,-0.29637684614659277,0.4,7.236046147471226
950,0.40307474218897515,0.2872795939296343,1.0,-0.2969252578110249,-0.3,6.394149240149033
951,-3.5978794348427616,-0.7825084336874967,-1.0,-0.29787943484276147,-0.3,1.1668267453603995
952,-2.898327060165055,-0.7434797069187776,-1.0,-0.29832706016505484,0.4,5.368990694142983
953,-2.777766126042444,-0.7352933012167189,-0.8800000000000008,-0.2977661260424435,0.4,3.942994570988149
954,-1.5966564219736012,-0.6148893663644783,1.0,-0.2966564219736013,-0.3,7.733336658720226
955,-2.898277338637123,-0.7434764350682114,-1.0,-0.2982773386371231,0.4,1.4662392208124193
956,-1.6717093486752155,-0.6257077887249013,0.9244444444444446,-0.2961537931196601,-0.3,7.87011854994133
957,-2.4668544737224476,-0.7115540881281137,-0.5688888888888899,-0.2979655848335576,0.4,4.285886974194282
958,-1.595281500818646,-0.614685343503368,1.0,-0.29528150081864607,-0.3,7.98221519735722
959,-1.5977399693162033,-0.6150500004574255,1.0,-0.2977399693162032,-0.3,7.535205496767296
960,-1.5963719841897208,-0.6148471767183694,1.0,-0.2963719841897207,-0.3,7.831994250398255
961,-3.5974939056382533,-0.7824901956316626,-1.0,-0.29749390563825334,-0.3,-2.280399106733908
962,-1.5954695163537065,-0.6147132556560061,1.0,-0.29546951635370655,-0.3,7.9817822586986376
963,-2.8976341526702063,-0.74343410365621,-1.0,-0.2976341526702061,0.4,-1.7594549142464502
964,-3.5956026593077053,-0.7824006829714379,-1.0,-0.2956026593077053,-0.3,-1.081274234203908
965,-3.598409284465406,-0.7825334940545084,-1.0,-0.29840928446540604,-0.3,3.6616112383439985
966,-3.598206799718837,-0.7825239177887462,-1.0,-0.2982067997188368,-0.3,1.1557304921395
967,0.4027803059037865,0.28712999762588076,1.0,-0.2972196940962135,-0.3,7.154940764629363
968,-0.9735985401571416,-0.49331133984301684,0.9244444444444446,-0.29804298460158635,0.4,7.014953270279678
969,-0.8982997377960951,-0.4732128019145233,1.0,-0.29829973779609503,0.4,7.531395149128891
970,-2.896897253386963,-0.743385587307734,-1.0,-0.2968972533869629,0.4,0.13761451822911797
971,-0.8980840519665585,-0.47315294127047514,1.0,-0.2980840519665585,0.4,7.342272478554804
972,-1.5951279336011324,-0.614662542431059,1.0,-0.2951279336011324,-0.3,7.983246786503273
973,-1.5949600238043735,-0.6146376087389827,1.0,-0.29496002380437353,-0.3,7.934660417884773
974,0.4014376854251221,0.28644704620123523,1.0,-0.298562314574878,-0.3,6.194659826617047
975,-2.871680174871673,-0.7417142029214371,-0.27555555555555644,-0.2961246193161166,-0.3,1.905095299114202
976,-3.596497267567253,-0.782443033947617,-1.0,-0.2964972675672527,-0.3,-2.8028783617962256
977,-3.5984728021906864,-0.7825364978730317,-1.0,-0.2984728021906863,-0.3,1.2639292900530572
978,-2.5965160677980093,-0.7219531398862187,-8.881784197001252e-16,-0.2965160677980086,-0.3,5.067717307750309
979,-1.597167099618111,-0.6149650901757379,1.0,-0.2971670996181111,-0.3,7.63558359214374
980,-3.5956248216749858,-0.7824017323425618,-1.0,-0.2956248216749859,-0.3,-2.804514029520035
981,-0.8975471551764089,-0.4730038738315132,1.0,-0.29754715517640906,0.4,7.3920202551122935
982,-2.8983750676078373,-0.7434828658973466,-1.0,-0.2983750676078373,0.4,-0.6039120092775884
983,-2.898153798650699,-0.7434683053433812,-1.0,-0.2981537986506993,0.4,2.184137357284897
984,-2.467348808467475,-0.7115952114312989,-0.5688888888888899,-0.29845991957858525,0.4,5.564543580114881
985,-2.898329451427556,-0.7434798642701163,-1.0,-0.29832945142755607,0.4,1.8961744065750104
986,-1.875449630932423,-0.6522283022305178,0.7199999999999998,-0.29544963093242266,-0.3,5.995610644891931
987,-2.8983820421459936,-0.7434833248283904,-1.0,-0.29838204214599373,0.4,5.164243433490213
988,-2.8971534847028177,-0.743402459275669,-1.0,-0.2971534847028178,0.4,1.5297482795791766
989,-1.597980337920398,-0.6150856165445545,1.0,-0.2979803379203981,-0.3,7.43810534366051
990,0.40200547861586583,0.2867360254631437,1.0,-0.2979945213841342,-0.3,7.912815333183849
991,-2.8981038394111964,-0.7434650175581139,-1.0,-0.29810383941119645,0.4,0.45434607290616413
992,-2.8980216833645436,-0.7434596107385276,-1.0,-0.2980216833645434,0.4,-1.497507204780258
993,-1.595142751768271,-0.6146647426933941,1.0,-0.29514275176827104,-0.3,7.9822127231712585
994,-3.597477667227342,-0.7824894273813661,-1.0,-0.29747766722734187,-0.3,0.4886769111764697
995,-1.5963098828331093,-0.6148379642152754,1.0,-0.2963098828331093,-0.3,7.832457050573004
996,-0.8979011582205527,-0.4731021709594261,1.0,-0.2979011582205529,0.4,7.246107146946845
997,-2.8979641518702883,-0.7434558243640623,-1.0,-0.29796415187028835,0.4,1.752802503866763
998,-3.1674147193909383,-0.7600430801026328,-0.5688888888888899,-0.2985258305020484,-0.3,5.05423249777259
999,-0.8970065308700135,-0.4728536862013988,1.0,-0.2970065308700136,0.4,7.492468371555501
1000,-2.0996853094469308,-0.6773866053588429,0.49777777777777765,-0.29746308722470854,-0.3,6.557297752895247
1001,-2.097892969442271,-0.6771999517530023,0.49777777777777765,-0.29567074722004905,-0.3,7.528513533636066
